{"type":"FeatureCollection","attribution":"Data © OpenStreetMap contributors, licensed under the Open Database License (ODbL) — https://www.openstreetmap.org/copyright","features":[{"type":"Feature","properties":{"@id":"node/1851143256","addr:postcode":"751002","addr:street":"Vivekananda Marg","amenity":"cafe","name":"Cafe Coffee Day"},"geometry":{"type":"Point","coordinates":[85.8361683,20.2507694]}},{"type":"Feature","properties":{"@id":"node/2368317832","amenity":"police","name":"Khandagiri Police Station"},"geometry":{"type":"Point","coordinates":[85.7898677,20.2595201]}},{"type":"Feature","properties":{"@id":"node/2388212954","amenity":"public_building","name":"Chandrama Complex"},"geometry":{"type":"Point","coordinates":[85.8439408,20.2704174]}},{"type":"Feature","properties":{"@id":"node/2408001884","amenity":"place_of_worship","name":"Gauri temple","religion":"hindu"},"geometry":{"type":"Point","coordinates":[85.8403054,20.2421825]}},{"type":"Feature","properties":{"@id":"node/2408001954","amenity":"place_of_worship"},"geometry":{"type":"Point","coordinates":[85.8369459,20.2437069]}},{"type":"Feature","properties":{"@id":"node/2417736888","amenity":"bench","name":"Second Class Waiting Room"},"geometry":{"type":"Point","coordinates":[85.8433351,20.2664017]}},{"type":"Feature","properties":{"@id":"node/2417736889","amenity":"restaurant","name":"Refreshment Room"},"geometry":{"type":"Point","coordinates":[85.8432521,20.2663035]}},{"type":"Feature","properties":{"@id":"node/2417736890","amenity":"police","name":"Govt. Railway Police Station, Bhubaneswar"},"geometry":{"type":"Point","coordinates":[85.8432199,20.2662583]}},{"type":"Feature","properties":{"@id":"node/2417736891","addr:postcode":"751001","amenity":"post_box","operator":"India Post"},"geometry":{"type":"Point","coordinates":[85.8431661,20.266145]}},{"type":"Feature","properties":{"@id":"node/2417736892","amenity":"drinking_water"},"geometry":{"type":"Point","coordinates":[85.8431153,20.2660845]}},{"type":"Feature","properties":{"@id":"node/2417736893","amenity":"drinking_water"},"geometry":{"type":"Point","coordinates":[85.8429783,20.2659035]}},{"type":"Feature","properties":{"@id":"node/2417736896","amenity":"toilets"},"geometry":{"type":"Point","coordinates":[85.8425331,20.2653072]}},{"type":"Feature","properties":{"@id":"node/2417736907","amenity":"drinking_water","name":"cold water"},"geometry":{"type":"Point","coordinates":[85.8434023,20.266452]}},{"type":"Feature","properties":{"@id":"node/2417736911","amenity":"bench","name":"Ladies Second Class Waiting Room"},"geometry":{"type":"Point","coordinates":[85.8437832,20.2669929]}},{"type":"Feature","properties":{"@id":"node/2417736912","amenity":"fast_food","name":"food plaza, Bhubaneswar"},"geometry":{"type":"Point","coordinates":[85.8438339,20.2670458]}},{"type":"Feature","properties":{"@id":"node/2417736913","amenity":"bench","name":"Gents Upper Class Waiting Room"},"geometry":{"type":"Point","coordinates":[85.8438743,20.2671087]}},{"type":"Feature","properties":{"@id":"node/2417736914","amenity":"bench","name":"Ladies Upper Class Waiting Room"},"geometry":{"type":"Point","coordinates":[85.8440299,20.2673225]}},{"type":"Feature","properties":{"@id":"node/2417736916","amenity":"toilets"},"geometry":{"type":"Point","coordinates":[85.8443785,20.267622]}},{"type":"Feature","properties":{"@id":"node/2417736917","amenity":"police","name":"Govt. Railway Police Station, Bhubaneswar"},"geometry":{"type":"Point","coordinates":[85.8439279,20.2661224]}},{"type":"Feature","properties":{"@id":"node/2417835678","amenity":"fuel","brand":"Bharat Petroleum","brand:wikidata":"Q854826","compressed_air":"yes","name":"Bharat Petroleum"},"geometry":{"type":"Point","coordinates":[85.8345936,20.2635938]}},{"type":"Feature","properties":{"@id":"node/2417835680","amenity":"atm","name":"Punjab National Bank"},"geometry":{"type":"Point","coordinates":[85.8434931,20.2668902]}},{"type":"Feature","properties":{"@id":"node/2417835681","amenity":"atm","name":"Union Bank"},"geometry":{"type":"Point","coordinates":[85.8435133,20.2669154]}},{"type":"Feature","properties":{"@id":"node/2417835682","amenity":"atm","name":"State Bank"},"geometry":{"type":"Point","coordinates":[85.8345268,20.2638377]}},{"type":"Feature","properties":{"@id":"node/2417835683","amenity":"atm","name":"IDBI Bank"},"geometry":{"type":"Point","coordinates":[85.8345614,20.2638782]}},{"type":"Feature","properties":{"@id":"node/2417835687","amenity":"atm","name":"Indian Overseas Bank"},"geometry":{"type":"Point","coordinates":[85.8435356,20.2669386]}},{"type":"Feature","properties":{"@id":"node/2417835691","amenity":"atm","name":"State Bank"},"geometry":{"type":"Point","coordinates":[85.8434709,20.2668683]}},{"type":"Feature","properties":{"@id":"node/2460048666","amenity":"atm","name":"State Bank ATM"},"geometry":{"type":"Point","coordinates":[85.7783692,20.2722668]}},{"type":"Feature","properties":{"@id":"node/2460048667","amenity":"restaurant","name":"Lunch","opening_hours":"12:30-15:00"},"geometry":{"type":"Point","coordinates":[85.7838249,20.2724831]}},{"type":"Feature","properties":{"@id":"node/2470858439","amenity":"restaurant","name":"Maa Durga"},"geometry":{"type":"Point","coordinates":[85.7915369,20.2587867]}},{"type":"Feature","properties":{"@id":"node/2546627663","addr:street":"LINGARAJ GAS ","amenity":"fuel","name":"khandagiri "},"geometry":{"type":"Point","coordinates":[85.792386,20.2653975]}},{"type":"Feature","properties":{"@id":"node/2546627686","alt_name":"Harsita","amenity":"restaurant","name":"Kandhagiri Restaurant"},"geometry":{"type":"Point","coordinates":[85.7871538,20.2606749]}},{"type":"Feature","properties":{"@id":"node/2546627717","amenity":"place_of_worship","religion":"hindu"},"geometry":{"type":"Point","coordinates":[85.7783267,20.2605568]}},{"type":"Feature","properties":{"@id":"node/2546627744","amenity":"restaurant"},"geometry":{"type":"Point","coordinates":[85.7893661,20.2604888]}},{"type":"Feature","properties":{"@id":"node/2583312088","amenity":"place_of_worship","religion":"hindu"},"geometry":{"type":"Point","coordinates":[85.7937488,20.2613771]}},{"type":"Feature","properties":{"@id":"node/2602704124","amenity":"fast_food","name":"Biryani Hubs"},"geometry":{"type":"Point","coordinates":[85.7835271,20.2725108]}},{"type":"Feature","properties":{"@id":"node/2602718613","amenity":"atm","name":"AXIS","operator":"AXIS Bank"},"geometry":{"type":"Point","coordinates":[85.7864747,20.2608788]}},{"type":"Feature","properties":{"@id":"node/2602718618","amenity":"atm","name":"Canara","operator":"Canara Bank"},"geometry":{"type":"Point","coordinates":[85.7870085,20.2607505]}},{"type":"Feature","properties":{"@id":"node/2602718621","amenity":"bank","atm":"no","brand:wikidata":"Q2743499","name":"Punjab National Bank","name:en":"Punjab National Bank","short_name":"PNB","website":"https://www.pnbindia.in","wikidata":"Q2743499","wikipedia":"en:Punjab National Bank"},"geometry":{"type":"Point","coordinates":[85.785839,20.2616814]}},{"type":"Feature","properties":{"@id":"node/2602718624","amenity":"atm","name":"Allahabad Bank","operator":"Allahabad Bank"},"geometry":{"type":"Point","coordinates":[85.787296,20.2605057]}},{"type":"Feature","properties":{"@id":"node/2695977215","amenity":"restaurant","cuisine":"regional","name":"Maa Mangala","opening_hours":"12:30-15:00"},"geometry":{"type":"Point","coordinates":[85.7836504,20.2721512]}},{"type":"Feature","properties":{"@id":"node/2695977219","amenity":"fast_food","diet:vegetarian":"only","name":"Som Veg Tiffin"},"geometry":{"type":"Point","coordinates":[85.7832427,20.2723877]}},{"type":"Feature","properties":{"@id":"node/2751622293","amenity":"place_of_worship"},"geometry":{"type":"Point","coordinates":[85.7937012,20.2587081]}},{"type":"Feature","properties":{"@id":"node/2845389654","amenity":"fuel"},"geometry":{"type":"Point","coordinates":[85.7819849,20.2720554]}},{"type":"Feature","properties":{"@id":"node/2897009890","amenity":"place_of_worship","religion":"hindu"},"geometry":{"type":"Point","coordinates":[85.7962514,20.2764155]}},{"type":"Feature","properties":{"@id":"node/2897010512","amenity":"fuel"},"geometry":{"type":"Point","coordinates":[85.7954567,20.2769449]}},{"type":"Feature","properties":{"@id":"node/2908645416","amenity":"cafe"},"geometry":{"type":"Point","coordinates":[85.778235,20.2722644]}},{"type":"Feature","properties":{"@id":"node/2908645421","amenity":"atm"},"geometry":{"type":"Point","coordinates":[85.783873,20.2723498]}},{"type":"Feature","properties":{"@id":"node/2908645423","amenity":"pharmacy"},"geometry":{"type":"Point","coordinates":[85.7839025,20.2685606]}},{"type":"Feature","properties":{"@id":"node/2908645425","amenity":"pharmacy"},"geometry":{"type":"Point","coordinates":[85.7839105,20.2720957]}},{"type":"Feature","properties":{"@id":"node/2908645445","amenity":"cafe"},"geometry":{"type":"Point","coordinates":[85.7829342,20.2723751]}},{"type":"Feature","properties":{"@id":"node/2908645461","amenity":"place_of_worship","religion":"hindu"},"geometry":{"type":"Point","coordinates":[85.7778808,20.2635713]}},{"type":"Feature","properties":{"@id":"node/2928775523","amenity":"place_of_worship","name":"Khandagiri Udaygiri Jain Temple","religion":"jain"},"geometry":{"type":"Point","coordinates":[85.7844411,20.2622793]}},{"type":"Feature","properties":{"@id":"node/2928775525","amenity":"place_of_worship","religion":"hindu"},"geometry":{"type":"Point","coordinates":[85.7853187,20.2619152]}},{"type":"Feature","properties":{"@id":"node/2928775529","amenity":"place_of_worship","name":"Sri Digambar Jain Sidha Kshetra","religion":"jain"},"geometry":{"type":"Point","coordinates":[85.7859946,20.2619001]}},{"type":"Feature","properties":{"@id":"node/2928775530","amenity":"place_of_worship","name":"Hanuman Temple","religion":"hindu"},"geometry":{"type":"Point","coordinates":[85.7837902,20.2715445]}},{"type":"Feature","properties":{"@id":"node/2928866218","amenity":"place_of_worship","name":"Hanuman Temple","religion":"hindu"},"geometry":{"type":"Point","coordinates":[85.8425517,20.2667919]}},{"type":"Feature","properties":{"@id":"node/2934142991","amenity":"hospital"},"geometry":{"type":"Point","coordinates":[85.7951552,20.2728258]}},{"type":"Feature","properties":{"@id":"node/2935019177","addr:city":"City womens college","addr:street":"Bhubaneswar, odisha","amenity":"college","name":"City Womens College,"},"geometry":{"type":"Point","coordinates":[85.8070106,20.2702357]}},{"type":"Feature","properties":{"@id":"node/2935070101","amenity":"hospital","name":"kids hospital ground"},"geometry":{"type":"Point","coordinates":[85.7851433,20.2442831]}},{"type":"Feature","properties":{"@id":"node/2935075370","amenity":"bar","name":"dumuduma bar"},"geometry":{"type":"Point","coordinates":[85.7861129,20.2428144]}},{"type":"Feature","properties":{"@id":"node/2935075641","amenity":"place_of_worship","name":"lord siva temple","religion":"hindu"},"geometry":{"type":"Point","coordinates":[85.7848274,20.2416438]}},{"type":"Feature","properties":{"@id":"node/2935159194","amenity":"place_of_worship","name":"maa mangala temple"},"geometry":{"type":"Point","coordinates":[85.7880594,20.2455168]}},{"type":"Feature","properties":{"@id":"node/2935160878","amenity":"cafe"},"geometry":{"type":"Point","coordinates":[85.7868658,20.2440062]}},{"type":"Feature","properties":{"@id":"node/2935161038","amenity":"bank","brand:wikidata":"Q1340361","brand:wikipedia":"en:State Bank of India","name":"State Bank of India","short_name":"SBI"},"geometry":{"type":"Point","coordinates":[85.7879018,20.2429056]}},{"type":"Feature","properties":{"@id":"node/2935236908","amenity":"place_of_worship","name":"Shiva Mandira","religion":"hindu"},"geometry":{"type":"Point","coordinates":[85.8108086,20.2674357]}},{"type":"Feature","properties":{"@id":"node/2947617122","amenity":"place_of_worship","religion":"hindu"},"geometry":{"type":"Point","coordinates":[85.7801205,20.2485458]}},{"type":"Feature","properties":{"@id":"node/2955677190","amenity":"place_of_worship","religion":"hindu"},"geometry":{"type":"Point","coordinates":[85.8001755,20.2751276]}},{"type":"Feature","properties":{"@id":"node/2959979043","amenity":"college","name":"Rajdhani College"},"geometry":{"type":"Point","coordinates":[85.7980541,20.2764026]}},{"type":"Feature","properties":{"@id":"node/2959979083","amenity":"fuel","brand":"Indian Oil"},"geometry":{"type":"Point","coordinates":[85.8101996,20.285559]}},{"type":"Feature","properties":{"@id":"node/2991992220","amenity":"fast_food","cuisine":"chicken","name":"Murga"},"geometry":{"type":"Point","coordinates":[85.7810594,20.2721183]}},{"type":"Feature","properties":{"@id":"node/2991992222","amenity":"restaurant","name":"Canteen"},"geometry":{"type":"Point","coordinates":[85.7765991,20.2756724]}},{"type":"Feature","properties":{"@id":"node/2991992223","amenity":"pharmacy","name":"Panda"},"geometry":{"type":"Point","coordinates":[85.783881,20.2710239]}},{"type":"Feature","properties":{"@id":"node/2997273638","amenity":"fast_food"},"geometry":{"type":"Point","coordinates":[85.7766006,20.275899]}},{"type":"Feature","properties":{"@id":"node/3098360355","amenity":"college","name":"Nursing college"},"geometry":{"type":"Point","coordinates":[85.8421363,20.2778044]}},{"type":"Feature","properties":{"@id":"node/3134943539","amenity":"pharmacy","name":"Jayanthi"},"geometry":{"type":"Point","coordinates":[85.7842038,20.2680567]}},{"type":"Feature","properties":{"@id":"node/3134943542","amenity":"bank","name":"Bank of India, Khandagiri"},"geometry":{"type":"Point","coordinates":[85.7842467,20.2673447]}},{"type":"Feature","properties":{"@id":"node/3134943543","amenity":"pharmacy","name":"Jagannath Ayurveda Medical Store"},"geometry":{"type":"Point","coordinates":[85.7869397,20.2605484]}},{"type":"Feature","properties":{"@id":"node/3134943544","amenity":"hospital","name":"Zenith Clinic"},"geometry":{"type":"Point","coordinates":[85.7863147,20.2610038]}},{"type":"Feature","properties":{"@id":"node/3247314576","amenity":"restaurant","cuisine":"pizza","name":"Pizza Hut"},"geometry":{"type":"Point","coordinates":[85.8456651,20.2784745]}},{"type":"Feature","properties":{"@id":"node/3247456202","amenity":"place_of_worship","religion":"hindu"},"geometry":{"type":"Point","coordinates":[85.8420023,20.2871358]}},{"type":"Feature","properties":{"@id":"node/3247470324","amenity":"restaurant","diet:jain_vegetarian":"yes"},"geometry":{"type":"Point","coordinates":[85.7867103,20.2609245]}},{"type":"Feature","properties":{"@id":"node/3287238474","amenity":"place_of_worship","name":"Hanuman Mandir","religion":"hindu"},"geometry":{"type":"Point","coordinates":[85.8372757,20.2450009]}},{"type":"Feature","properties":{"@id":"node/3287240665","amenity":"place_of_worship","name":"Nageshwar Temple"},"geometry":{"type":"Point","coordinates":[85.8401634,20.2455901]}},{"type":"Feature","properties":{"@id":"node/3582479893","amenity":"post_office","name":"Airport Sub Post Office","operator":"India Post","operator:wikidata":"Q3519720","ref":"751020","source:operator":"survey"},"geometry":{"type":"Point","coordinates":[85.8163419,20.2546164]}},{"type":"Feature","properties":{"@id":"node/3742995667","alt_name":"Rameswara Temple","amenity":"place_of_worship","name":"Kusakeswara Temple"},"geometry":{"type":"Point","coordinates":[85.8360751,20.2534859]}},{"type":"Feature","properties":{"@id":"node/3751303830","addr:city":"Bhubaneswar Municipal Corporation","addr:district":"Khordha","amenity":"fuel","brand":"Bharat Petroleum","brand:wikidata":"Q854826","fuel:CNG":"yes","fuel:Petrol":"yes","fuel:diesel":"yes","fuel:electric":"yes","name":"Joy Auto Center"},"geometry":{"type":"Point","coordinates":[85.84106,20.2574312]}},{"type":"Feature","properties":{"@id":"node/3769426111","amenity":"fuel","name":"Hindustan Petroleum"},"geometry":{"type":"Point","coordinates":[85.8019044,20.2767026]}},{"type":"Feature","properties":{"@id":"node/3777142420","amenity":"fuel","brand":"Indian Oil","brand:wikidata":"Q1289348","brand:wikipedia":"en:Indian Oil Corporation","name":"Indian Oil"},"geometry":{"type":"Point","coordinates":[85.8430706,20.2853886]}},{"type":"Feature","properties":{"@id":"node/3777142655","amenity":"driving_school","name":"Maruti Driving School Jyote Motors"},"geometry":{"type":"Point","coordinates":[85.8409743,20.2498285]}},{"type":"Feature","properties":{"@id":"node/3777142656","addr:city":"Bhubaneswar Municipal Corporation","addr:district":"Khordha","amenity":"fuel","brand":"Bharat Petroleum","brand:wikidata":"Q854826","fuel:Petrol":"yes","fuel:diesel":"yes","name":"Shree Debi Filling Station"},"geometry":{"type":"Point","coordinates":[85.841238,20.2427494]}},{"type":"Feature","properties":{"@id":"node/3777142895","amenity":"hospital","name":"Shree Hospitals"},"geometry":{"type":"Point","coordinates":[85.8415191,20.2483697]}},{"type":"Feature","properties":{"@id":"node/3777142896","amenity":"school","name":"Stewart School"},"geometry":{"type":"Point","coordinates":[85.8091734,20.2822874]}},{"type":"Feature","properties":{"@id":"node/3777143035","amenity":"fuel","brand":"Indian Oil","brand:wikidata":"Q1289348","brand:wikipedia":"en:Indian Oil Corporation","name":"Indian Oil","wikidata":"Q131970372"},"geometry":{"type":"Point","coordinates":[85.8413436,20.249678]}},{"type":"Feature","properties":{"@id":"node/3785143923","amenity":"fuel","brand":"Indian Oil","brand:wikidata":"Q1289348","brand:wikipedia":"en:Indian Oil Corporation","name":"Indian Oil"},"geometry":{"type":"Point","coordinates":[85.8207251,20.2693396]}},{"type":"Feature","properties":{"@id":"node/3793767742","amenity":"fuel","name":"Bharat Petroleum"},"geometry":{"type":"Point","coordinates":[85.8145872,20.2886371]}},{"type":"Feature","properties":{"@id":"node/4128278809","addr:street":"Unit 3 , kharavela nagar","amenity":"cinema","email":"keshari_talkies@yahoo.com","name":"Keshari Talkies","phone":"0674 6531546","website":"www.kesharitalkies.in"},"geometry":{"type":"Point","coordinates":[85.8369592,20.2773065]}},{"type":"Feature","properties":{"@id":"node/4185008301","amenity":"atm"},"geometry":{"type":"Point","coordinates":[85.8334103,20.2718176]}},{"type":"Feature","properties":{"@id":"node/4185008303","amenity":"restaurant"},"geometry":{"type":"Point","coordinates":[85.8420311,20.2689834]}},{"type":"Feature","properties":{"@id":"node/4185015890","amenity":"restaurant","name":"Melting Pot"},"geometry":{"type":"Point","coordinates":[85.8436794,20.2685052]}},{"type":"Feature","properties":{"@id":"node/4185016093","amenity":"restaurant","name":"Treat Restaurant"},"geometry":{"type":"Point","coordinates":[85.8408055,20.2689509]}},{"type":"Feature","properties":{"@id":"node/4185016094","amenity":"restaurant","name":"Vineeth's South Indian Restaurant and Sweets"},"geometry":{"type":"Point","coordinates":[85.8418418,20.2693525]}},{"type":"Feature","properties":{"@id":"node/4185031289","amenity":"bank","brand:wikidata":"Q2003237","brand:wikipedia":"en:United Bank of India","name":"United Bank of India","name:en":"United Bank of India","short_name":"UBI","website":"http://www.unitedbankofindia.com"},"geometry":{"type":"Point","coordinates":[85.8314463,20.2734155]}},{"type":"Feature","properties":{"@id":"node/4185031389","amenity":"atm","check_date":"2024-02-20"},"geometry":{"type":"Point","coordinates":[85.8299603,20.2739665]}},{"type":"Feature","properties":{"@id":"node/4185031489","amenity":"atm"},"geometry":{"type":"Point","coordinates":[85.8264319,20.2749056]}},{"type":"Feature","properties":{"@id":"node/4185031490","amenity":"atm"},"geometry":{"type":"Point","coordinates":[85.8165907,20.2765469]}},{"type":"Feature","properties":{"@id":"node/4410456389","amenity":"courthouse","name":"my home","name:en":"my home"},"geometry":{"type":"Point","coordinates":[85.8258704,20.2361108]}},{"type":"Feature","properties":{"@id":"node/4527858853","amenity":"restaurant","capacity":"100","cuisine":"pizza","name":"Pizzaliano","opening_hours":"Mo-Su 09:00-22:00","phone":"8984622612","smoking":"no","takeaway":"no","website":"http//www.pizzaliano.com"},"geometry":{"type":"Point","coordinates":[85.8388312,20.2607484]}},{"type":"Feature","properties":{"@id":"node/4613763081","amenity":"cinema","name":"Keshari Talkies"},"geometry":{"type":"Point","coordinates":[85.835141,20.275061]}},{"type":"Feature","properties":{"@id":"node/4707610292","amenity":"dentist","name":"Nayapalli","name:en":"Nayapalli"},"geometry":{"type":"Point","coordinates":[85.7828183,20.2568817]}},{"type":"Feature","properties":{"@id":"node/4716604520","amenity":"university","name":"ITER"},"geometry":{"type":"Point","coordinates":[85.8000303,20.2502972]}},{"type":"Feature","properties":{"@id":"node/5598274155","amenity":"place_of_worship","denomination":"hindu","name":"Mahalakshmi Temple","religion":"hindu"},"geometry":{"type":"Point","coordinates":[85.8283601,20.2814074]}},{"type":"Feature","properties":{"@id":"node/5598274156","addr:postcode":"751001","air_conditioning":"no","amenity":"fast_food","check_date":"2024-02-28","cuisine":"chicken;indian","delivery":"no","diet:halal":"yes","diet:non-vegetarian":"yes","drive_through":"no","highchair":"no","internet_access":"no","name":"Tiki Bhai Garam Masala","name:hi":"गरम मसाला","opening_hours":"1","outdoor_seating":"yes","payment:cash":"yes","payment:credit_cards":"yes","payment:debit_cards":"yes","phone":"+91 78944 18150","source":"local knowledge","takeaway":"yes","wheelchair":"limited"},"geometry":{"type":"Point","coordinates":[85.8268919,20.2808843]}},{"type":"Feature","properties":{"@id":"node/5598274206","addr:postcode":"751001","air_conditioning":"no","amenity":"place_of_worship","baby_feeding":"no","check_date":"2023-12-22","denomination":"hindu","internet_access":"no","name":"Hanuman Temple","polling_station":"no","religion":"hindu","source":"local knowledge","wheelchair":"limited"},"geometry":{"type":"Point","coordinates":[85.8265593,20.2818073]}},{"type":"Feature","properties":{"@id":"node/5816777653","amenity":"place_of_worship","name":"Aisanyesvara shiva temple"},"geometry":{"type":"Point","coordinates":[85.816043,20.2307471]}},{"type":"Feature","properties":{"@id":"node/5846842385","amenity":"restaurant","name":"Truptee"},"geometry":{"type":"Point","coordinates":[85.8419619,20.2588786]}},{"type":"Feature","properties":{"@id":"node/5851399188","amenity":"restaurant","name":"The Taste"},"geometry":{"type":"Point","coordinates":[85.8410462,20.2412696]}},{"type":"Feature","properties":{"@id":"node/5857412186","amenity":"restaurant","name":"Biriany Bhubaneswar"},"geometry":{"type":"Point","coordinates":[85.8449341,20.2787752]}},{"type":"Feature","properties":{"@id":"node/5857412187","amenity":"cafe","name":"Bocca Cafe","opening_hours":"PH,Mo-Su 08:30-22:00"},"geometry":{"type":"Point","coordinates":[85.8419605,20.2692954]}},{"type":"Feature","properties":{"@id":"node/5857412188","air_conditioning":"yes","amenity":"cafe","bar":"no","check_date":"2024-02-25","cuisine":"pizza","diet:halal":"yes","diet:vegetarian":"yes","drive_through":"no","highchair":"yes","internet_access":"no","name":"Bocca Café","name:hi":"बोका काफे","name:or":"ବୋକା କାଫେ","outdoor_seating":"no","reservation":"no","smoking":"no","source":"local knowledge","takeaway":"yes","toilets":"yes","toilets:wheelchair":"no"},"geometry":{"type":"Point","coordinates":[85.8414405,20.269435]}},{"type":"Feature","properties":{"@id":"node/6155336087","amenity":"restaurant","name":"Hare Krishna veg restaurant"},"geometry":{"type":"Point","coordinates":[85.8414768,20.2694807]}},{"type":"Feature","properties":{"@id":"node/6167916891","amenity":"car_sharing","name":"Car for Puri","payment:cash":"yes"},"geometry":{"type":"Point","coordinates":[85.8405826,20.2568706]}},{"type":"Feature","properties":{"@id":"node/6429763985","amenity":"place_of_worship","name":"Bakreswara Temple","religion":"hindu"},"geometry":{"type":"Point","coordinates":[85.8315623,20.2406534]}},{"type":"Feature","properties":{"@id":"node/6429775085","amenity":"place_of_worship","name":"Bharati Matha","religion":"hindu","wikidata":"Q4901208","wikipedia":"en:Bharati Matha Temple"},"geometry":{"type":"Point","coordinates":[85.8318752,20.240516]}},{"type":"Feature","properties":{"@id":"node/6429781885","amenity":"place_of_worship","name":"Makareswa","religion":"hindu"},"geometry":{"type":"Point","coordinates":[85.8327558,20.2398769]}},{"type":"Feature","properties":{"@id":"node/6429788385","amenity":"place_of_worship","name":"Maitreswara Temple","religion":"hindu"},"geometry":{"type":"Point","coordinates":[85.8330064,20.23979]}},{"type":"Feature","properties":{"@id":"node/6545148585","addr:postcode":"751022","addr:street":"Bhoi Nagar","amenity":"fast_food","name":"Food street","opening_hours":"Mo-Su 18:00-22:00"},"geometry":{"type":"Point","coordinates":[85.8421982,20.2793793]}},{"type":"Feature","properties":{"@id":"node/6640000223","amenity":"bicycle_parking","bicycle_parking":"building"},"geometry":{"type":"Point","coordinates":[85.8387086,20.2625205]}},{"type":"Feature","properties":{"@id":"node/6640000224","addr:city":"bhubaneswar","amenity":"place_of_worship","name":"ammavaru temple","religion":"hindu"},"geometry":{"type":"Point","coordinates":[85.8385593,20.2616355]}},{"type":"Feature","properties":{"@id":"node/6881033952","addr:city":"Bhubaneswar","addr:district":"KHORDHA","addr:full":"Plot No. 1, Near Jayadev Vatika Park, Khandagiri","addr:postcode":"751030","addr:state":"Odisha","amenity":"blood_bank","contact:phone":"6746666600","email":"amri.bhu@amrihospitala.in","name":"Manipal Hospital Bhubaneswar Blood Bank","opening_hours":"24/7","operator:type":"private","source":"OpenGovernmentData"},"geometry":{"type":"Point","coordinates":[85.7780018,20.2601514]}},{"type":"Feature","properties":{"@id":"node/6881033953","addr:city":"Bhubaneswar","addr:district":"KHORDHA","addr:full":"Capital Hospital, Udyan Marg, Unit-6, Ganga Nagar","addr:postcode":"751001","addr:state":"Odisha","amenity":"blood_bank","contact:mobile":"9238342693","contact:phone":"6742394985","email":"bbbbsrchb@gmail.com","name":"Odisha Red Cross Blood Bank, Capital Hospital","opening_hours":"24/7","operator:type":"government","source":"OpenGovernmentData"},"geometry":{"type":"Point","coordinates":[85.8226794,20.2603527]}},{"type":"Feature","properties":{"@id":"node/6996191603","addr:housenumber":"217","addr:street":"Bapuji Nagar, Bhubaneswar","amenity":"restaurant","email":"krishnanppk2@gmail.com","name":"Venus Inn Restaurant","phone":"06742597110"},"geometry":{"type":"Point","coordinates":[85.8358972,20.256833]}},{"type":"Feature","properties":{"@id":"node/7051124622","addr:district":"Khordha","addr:full":"164, Bapuji Nagar, Bhubaneswar","addr:postcode":"751009","addr:state":"Odisha","amenity":"hospital","name":"Jagannath Seva Sadan","source":"OpenGovernmentData"},"geometry":{"type":"Point","coordinates":[85.8372905,20.2605818]}},{"type":"Feature","properties":{"@id":"node/7051296367","addr:district":"Khordha","addr:full":"N-1/258, Irc Village, Crp Square, Nayapalli, Bhubaneswar","addr:postcode":"751015","addr:state":"Odisha","amenity":"hospital","name":"Millenium Hospitals Private Limited","source":"OpenGovernmentData"},"geometry":{"type":"Point","coordinates":[85.807323,20.2859719]}},{"type":"Feature","properties":{"@id":"node/7053772988","addr:district":"Khordha","addr:full":"3103A, Mahabir Bazaar, Samantarapur, Bhubaneswar","addr:postcode":"751002","addr:state":"Odisha","amenity":"hospital","name":"Sanjeevani Medicare","source":"OpenGovernmentData"},"geometry":{"type":"Point","coordinates":[85.8414093,20.2322348]}},{"type":"Feature","properties":{"@id":"node/7059195268","addr:district":"Khordha","addr:full":"2508-B, Lewis Road , Bhubneshwar","addr:postcode":"751002","addr:state":"Odisha","amenity":"clinic","name":"Sneha Clinic","source":"OpenGovernmentData"},"geometry":{"type":"Point","coordinates":[85.8389054,20.245379]}},{"type":"Feature","properties":{"@id":"node/7062135275","addr:district":"Khordha","addr:full":"C-19,Palashpalli, Bhubaneswar","addr:postcode":"751020","addr:state":"Odisha","amenity":"clinic","name":"Utkal Polyclinic","source":"OpenGovernmentData"},"geometry":{"type":"Point","coordinates":[85.8243088,20.2466112]}},{"type":"Feature","properties":{"@id":"node/7062152957","addr:district":"Khordha","addr:full":"Market Building, Unit-II, Market Building, Unit-2, Ashok Nagar, Bhubaneswar","addr:postcode":"751009","addr:state":"Odisha","amenity":"hospital","name":"Utkal Ayurveda Pratisthan","source":"OpenGovernmentData"},"geometry":{"type":"Point","coordinates":[85.8330927,20.2654456]}},{"type":"Feature","properties":{"@id":"node/7068857140","addr:district":"Khordha","addr:full":"666, Lal Bahadur Sastry Colony, Old Station Bazar, Bhubaneswar","addr:postcode":"751006","addr:state":"Odisha","amenity":"hospital","name":"Satayu Hospital and Diabetic Research Centre","source":"OpenGovernmentData"},"geometry":{"type":"Point","coordinates":[85.8467915,20.2635981]}},{"type":"Feature","properties":{"@id":"node/7068857145","addr:district":"Khordha","addr:full":"8,Madhusudan Nagar,Unit-Iv","addr:postcode":"751001","addr:state":"Odisha","amenity":"clinic","name":"Satabdi Gynaec Clinic","source":"OpenGovernmentData"},"geometry":{"type":"Point","coordinates":[85.8335609,20.2829223]}},{"type":"Feature","properties":{"@id":"node/7068857150","addr:district":"Khordha","addr:full":"33, Forest Park, ( In Front Of Dr. P. C.Mohanty Ultrasound Clinic) Bhubneswar","addr:postcode":"751009","addr:state":"Odisha","amenity":"clinic","name":"Saswat Clinic","source":"OpenGovernmentData"},"geometry":{"type":"Point","coordinates":[85.8294653,20.2552531]}},{"type":"Feature","properties":{"@id":"node/7078978774","addr:district":"Khordha","addr:full":"A/99, Budha Nagar, Bhubaneswar","addr:postcode":"751006","addr:state":"Odisha","amenity":"clinic","name":"Sun Flower Nursing Home","source":"OpenGovernmentData"},"geometry":{"type":"Point","coordinates":[85.8427054,20.2610585]}},{"type":"Feature","properties":{"@id":"node/7079170763","addr:district":"Khordha","addr:full":"A/115, Press Colony, Unit - iii ,Kharvel Nagar, Bhubaneswar","addr:postcode":"751001","addr:state":"Odisha","amenity":"clinic","name":"Panda Nursing Home Pvt Ltd","source":"OpenGovernmentData"},"geometry":{"type":"Point","coordinates":[85.8473577,20.2747054]}},{"type":"Feature","properties":{"@id":"node/7081521249","addr:district":"Khordha","addr:full":"Plot No . 210/1320 , Sarala Nagar, Near Okilbag, Cuttack Road, Bhuvaneshwar","addr:postcode":"751006","addr:state":"Odisha","amenity":"hospital","name":"Padma Hospital","source":"OpenGovernmentData"},"geometry":{"type":"Point","coordinates":[85.8493111,20.2718248]}},{"type":"Feature","properties":{"@id":"node/7081686546","addr:district":"Khordha","addr:full":"B-104, Bda Duplex, Baramunda","addr:postcode":"751001","addr:state":"Odisha","amenity":"clinic","name":"Auro Clinic","source":"OpenGovernmentData"},"geometry":{"type":"Point","coordinates":[85.7931639,20.2752571]}},{"type":"Feature","properties":{"@id":"node/7081843200","addr:district":"Khordha","addr:full":"4/84. Kharvelanagar Bhubaneswar","addr:postcode":"751001","addr:state":"Odisha","amenity":"hospital","email":"info@yoursite.com","name":"Neelachal Hospital Pvt Ltd - Bhubaneshwar","phone":"+ 1235 2355 98","source":"OpenGovernmentData","website":"http://www.neelachalhospital.in/"},"geometry":{"type":"Point","coordinates":[85.8454296,20.2707865]}},{"type":"Feature","properties":{"@id":"node/7085358079","addr:district":"Khordha","addr:full":"Plot No-2767/4805 , Nageshwer Tangi Old Town, Bhubaneswar","addr:postcode":"751002","addr:state":"Odisha","amenity":"hospital","name":"Annapurna Memorial Hospital","source":"OpenGovernmentData"},"geometry":{"type":"Point","coordinates":[85.836615,20.2464631]}},{"type":"Feature","properties":{"@id":"node/7085479263","addr:district":"Khordha","addr:full":"Plot No-10 Satyanagar, Near Kali Mandir, Bhubaneswar","addr:postcode":"751007","addr:state":"Odisha","amenity":"hospital","name":"Kar Vision Eye Hospital","source":"OpenGovernmentData"},"geometry":{"type":"Point","coordinates":[85.8442306,20.2797771]}},{"type":"Feature","properties":{"@id":"node/7085703183","addr:district":"Khordha","addr:full":"#1120, Phase-Ii,Near Khandagiri Square,Dumduma","addr:postcode":"751019","addr:state":"Odisha","amenity":"hospital","name":"Kanungo Insitute Of Diabetes Specialities","source":"OpenGovernmentData"},"geometry":{"type":"Point","coordinates":[85.7851317,20.2450522]}},{"type":"Feature","properties":{"@id":"node/7085744484","addr:district":"Bhubaneswar","addr:full":"24, Behind Maharishi College, Saheed Nagar","addr:postcode":"751007","addr:state":"Odisha","amenity":"hospital","healthcare":"centre","name":"Vision Care Eye Hospital","source":"OpenGovernmentData"},"geometry":{"type":"Point","coordinates":[85.8496208,20.284683]}},{"type":"Feature","properties":{"@id":"node/7087304483","addr:district":"Khordha","addr:full":"Plot No.1061, Nayapali Bhubaneswar","addr:postcode":"751012","addr:state":"Odisha","amenity":"clinic","name":"Krishna Nursing Home, Khordha","source":"OpenGovernmentData"},"geometry":{"type":"Point","coordinates":[85.8144302,20.2883682]}},{"type":"Feature","properties":{"@id":"node/7152418962","amenity":"place_of_worship","name":"Ganesh Mandir","religion":"hindu"},"geometry":{"type":"Point","coordinates":[85.8596992,20.2764534]}},{"type":"Feature","properties":{"@id":"node/7212038213","addr:district":"Khordha","addr:full":"Secretariate Zonal Dispensary, Secretariate Zonal Dispensary","addr:postcode":"751000","addr:state":"Odisha","addr:subdistrict":"Bhubaneswar (M.Corp.) P.S.","amenity":"hospital","name":"Secretariate Zonal Dispensary","source":"OpenGovernmentData"},"geometry":{"type":"Point","coordinates":[85.8384629,20.2739449]}},{"type":"Feature","properties":{"@id":"node/7403431290","amenity":"place_of_worship","name":"Parsurameswara Temple","tourism":"attraction","wikidata":"Q7140073","wikipedia":"en:Parsurameswara Temple"},"geometry":{"type":"Point","coordinates":[85.8390991,20.2431506]}},{"type":"Feature","properties":{"@id":"node/7679345686","amenity":"school","name":"Pumas"},"geometry":{"type":"Point","coordinates":[85.8234248,20.2650946]}},{"type":"Feature","properties":{"@id":"node/7701568082","addr:district":"Khordha","addr:full":"Samantarapur, Bhubaneswar","addr:postcode":"751002","addr:state":"Odhisa","amenity":"doctors","name":"Dr. Ajoy Mishra's Residence","source":"Local Knowledge"},"geometry":{"type":"Point","coordinates":[85.8416624,20.2321893]}},{"type":"Feature","properties":{"@id":"node/7701568098","addr:district":"Khordha","addr:full":"Samantarapur, Old Town, Bhubaneswar","addr:postcode":"751002","addr:state":"Odhisa","amenity":"dentist","name":"I Smile Dental Clinic","source":"Local Knowledge"},"geometry":{"type":"Point","coordinates":[85.8403633,20.2283611]}},{"type":"Feature","properties":{"@id":"node/7701568099","addr:district":"Khordha","addr:full":"Samantarapur, Bhubaneswar","addr:postcode":"751002","addr:state":"Odhisa","amenity":"hospital","name":"Muncipal Hospital","source":"Local Knowledge"},"geometry":{"type":"Point","coordinates":[85.8420358,20.2309511]}},{"type":"Feature","properties":{"@id":"node/7701568103","addr:district":"Khordha","addr:full":"Samantarapur, Bhubaneswar","addr:postcode":"751002","addr:state":"Odhisa","amenity":"dentist","name":"Maa Sai Brindaban Dental Clinic","source":"Local Knowledge"},"geometry":{"type":"Point","coordinates":[85.8413957,20.2370757]}},{"type":"Feature","properties":{"@id":"node/7701568125","addr:district":"Khordha","addr:full":"Samantarapur, Bhubaneswar","addr:postcode":"751002","addr:state":"Odhisa","amenity":"hospital","name":"Sara Hospital","source":"Local Knowledge"},"geometry":{"type":"Point","coordinates":[85.8429377,20.2349312]}},{"type":"Feature","properties":{"@id":"node/7701568131","addr:district":"Khordha","addr:full":"Baruneswar Lane, Sriram Nagar, Bhubaneswar","addr:postcode":"751002","addr:state":"Odhisa","amenity":"dentist","name":"Royal Dental Clinic","source":"Local Knowledge"},"geometry":{"type":"Point","coordinates":[85.8413479,20.2299695]}},{"type":"Feature","properties":{"@id":"node/7701568136","addr:district":"Khordha","addr:full":"Road No 4, Mahaveer Nagar, Bhubaneswar","addr:postcode":"751002","addr:state":"Odhisa","amenity":"doctors","name":"Dr. R.N Rath","source":"Local Knowledge"},"geometry":{"type":"Point","coordinates":[85.8447359,20.2298632]}},{"type":"Feature","properties":{"@id":"node/7701568138","addr:district":"Khordha","addr:full":"Gouri Nagar, Bhubaneswar","addr:postcode":"751002","addr:state":"Odhisa","amenity":"hospital","name":"Sara Gastro & Laparoscopic Hospital","source":"Local Knowledge"},"geometry":{"type":"Point","coordinates":[85.840364,20.2375006]}},{"type":"Feature","properties":{"@id":"node/7701568156","addr:district":"Khordha","addr:full":"Divya Vihar, Samantarapur, Bhubaneswar","addr:postcode":"751002","addr:state":"Odhisa","amenity":"clinic","name":"Sri Khetra Poly Clinic","source":"Local Knowledge"},"geometry":{"type":"Point","coordinates":[85.8437126,20.2314526]}},{"type":"Feature","properties":{"@id":"node/7709755692","addr:district":"Khordha","addr:full":"Shreekhetra Vihar, Khandagiri, Bhubaneswar","addr:postcode":"751030","addr:state":"Odhisa","amenity":"doctors","name":"Dr. S.N Das","source":"Local Knowledge"},"geometry":{"type":"Point","coordinates":[85.7832978,20.2523669]}},{"type":"Feature","properties":{"@id":"node/7709755694","addr:district":"Khordha","addr:full":"Lenka Gali, Jagamara, Bhubaneswar","addr:postcode":"751030","addr:state":"Odhisa","amenity":"hospital","name":"Shrushti Hospital","source":"Local Knowledge"},"geometry":{"type":"Point","coordinates":[85.7955432,20.2624874]}},{"type":"Feature","properties":{"@id":"node/7709755697","addr:district":"Khordha","addr:full":"Khandagiri - Chandaka Road, Khandagiri, Bhubaneswar","addr:postcode":"751030","addr:state":"Odhisa","amenity":"hospital","name":"Government Ayurvedic Hospital","source":"Local Knowledge"},"geometry":{"type":"Point","coordinates":[85.787017,20.260842]}},{"type":"Feature","properties":{"@id":"node/7709755698","addr:district":"Khordha","addr:full":"Baramunda Housing Board Colony, Baramunda, Bhubaneswar","addr:postcode":"751003","addr:state":"Odhisa","amenity":"clinic","name":"Dr. Sahoo's Unique Ayur Clinic","source":"Local Knowledge"},"geometry":{"type":"Point","coordinates":[85.7958181,20.2782053]}},{"type":"Feature","properties":{"@id":"node/7709755702","addr:district":"Khordha","addr:full":"Baramunda, Bhubaneswar","addr:postcode":"751003","addr:state":"Odhisa","amenity":"clinic","name":"Taj Homeo Clinic","source":"Local Knowledge"},"geometry":{"type":"Point","coordinates":[85.7962214,20.2781245]}},{"type":"Feature","properties":{"@id":"node/7709755705","addr:district":"Khordha","addr:full":"Plot No 1358, Phase II, Dumduma, Bhubaneswar","addr:postcode":"751019","addr:state":"Odhisa","amenity":"clinic","name":"Dr. Moharana's Homeopathy Clinic","source":"Local Knowledge"},"geometry":{"type":"Point","coordinates":[85.788564,20.240167]}},{"type":"Feature","properties":{"@id":"node/7709755706","addr:district":"Khordha","addr:full":"No. 693 A, Nilakantheswar Road, Millennium Colony, Soubhagya Nagar, Baramunda, Bhubaneswar","addr:postcode":"751003","addr:state":"Odhisa","amenity":"clinic","name":"Grand Vision and Eye Clinic","source":"Local Knowledge"},"geometry":{"type":"Point","coordinates":[85.8004995,20.2720974]}},{"type":"Feature","properties":{"@id":"node/7709755707","addr:district":"Khordha","addr:full":"Baramunda Housing Board Colony, Baramunda, Bhubaneswar","addr:postcode":"751003","addr:state":"Odhisa","amenity":"hospital","name":"Advanced Eye Care Hospital","source":"Local Knowledge"},"geometry":{"type":"Point","coordinates":[85.7948213,20.278541]}},{"type":"Feature","properties":{"@id":"node/7709755712","addr:district":"Khordha","addr:full":"92-Dumuduma, Khandagiri Square, Bhubaneswar","addr:postcode":"751030","addr:state":"Odhisa","amenity":"clinic","healthcare":"clinic","name":"Hillside Nursing Home","source":"Local Knowledge"},"geometry":{"type":"Point","coordinates":[85.7879021,20.2539683]}},{"type":"Feature","properties":{"@id":"node/7709755714","addr:district":"Khordha","addr:full":"Dumduma, Bhubaneswar","addr:postcode":"751019","addr:state":"Odhisa","amenity":"dentist","name":"Mamatha Dental and Orthodontic Centre","source":"Local Knowledge"},"geometry":{"type":"Point","coordinates":[85.7912878,20.2403948]}},{"type":"Feature","properties":{"@id":"node/7709755717","addr:district":"Khordha","addr:full":"Soubhagya Nagar, Baramunda, Bhubaneswar","addr:postcode":"751003","addr:state":"Odhisa","amenity":"clinic","name":"Bhubaneshwar Multispeciality Clinic","source":"Local Knowledge"},"geometry":{"type":"Point","coordinates":[85.8054401,20.2698285]}},{"type":"Feature","properties":{"@id":"node/7709755722","addr:district":"Khordha","addr:full":"RBI Colony, Baramunda, Bhubaneswar","addr:postcode":"751003","addr:state":"Odhisa","amenity":"clinic","name":"Dr. Dalal's Clinic","source":"Local Knowledge"},"geometry":{"type":"Point","coordinates":[85.7950293,20.2759257]}},{"type":"Feature","properties":{"@id":"node/7709755723","addr:district":"Khordha","addr:full":"Khandagiri, Bhubaneswar","addr:postcode":"751030","addr:state":"Odhisa","amenity":"dentist","healthcare":"dentist","name":"Innovative Smile Dental Clinic","source":"Local Knowledge"},"geometry":{"type":"Point","coordinates":[85.7863662,20.2577767]}},{"type":"Feature","properties":{"@id":"node/7709755727","addr:district":"Khordha","addr:full":"Baramunda Housing Board Colony, Baramunda, Bhubaneswar","addr:postcode":"751003","addr:state":"Odhisa","amenity":"dentist","name":"Dr. B. K Mohanty Dental Clinic","source":"Local Knowledge"},"geometry":{"type":"Point","coordinates":[85.7946769,20.278404]}},{"type":"Feature","properties":{"@id":"node/7709755728","addr:district":"Khordha","addr:full":"Baramunda Housing Board Colony, Baramunda, Bhubaneswar","addr:postcode":"751003","addr:state":"Odhisa","amenity":"clinic","name":"Baramunda Eye & ENT Clinic","source":"Local Knowledge"},"geometry":{"type":"Point","coordinates":[85.795574,20.277951]}},{"type":"Feature","properties":{"@id":"node/7709755732","addr:district":"Khordha","addr:full":"Baramunda, Bhubaneswar","addr:postcode":"751003","addr:state":"Odhisa","amenity":"hospital","name":"Apex Hospital and Maternity Centre","source":"Local Knowledge"},"geometry":{"type":"Point","coordinates":[85.7986267,20.2730944]}},{"type":"Feature","properties":{"@id":"node/7709755733","addr:district":"Khordha","addr:full":"Khandagiri - Chandaka Road, Khandagiri, Bhubaneswar","addr:postcode":"751030","addr:state":"Odhisa","amenity":"clinic","name":"Kamilini Homeo Clinic","source":"Local Knowledge"},"geometry":{"type":"Point","coordinates":[85.7870657,20.2608945]}},{"type":"Feature","properties":{"@id":"node/7709755736","addr:district":"Khordha","addr:full":"Ruchika Market, Baramunda Housing Board Colony, Baramunda, Bhubaneswar","addr:postcode":"751003","addr:state":"Odhisa","amenity":"doctors","name":"Dr. Laxmidhar Subudhi","source":"Local Knowledge"},"geometry":{"type":"Point","coordinates":[85.7948121,20.2776008]}},{"type":"Feature","properties":{"@id":"node/7709755744","addr:district":"Khordha","addr:full":"Soubhagya Nagar, Baramunda, Bhubaneswar","addr:postcode":"751003","addr:state":"Odhisa","amenity":"clinic","name":"Patholab and Clinic","source":"Local Knowledge"},"geometry":{"type":"Point","coordinates":[85.8003926,20.2695479]}},{"type":"Feature","properties":{"@id":"node/7709755746","addr:district":"Khordha","addr:full":"Satabdi Nagar, Baramunda, Bhubaneswar","addr:postcode":"751003","addr:state":"Odhisa","amenity":"hospital","name":"Baramunda Hospital","source":"Local Knowledge"},"geometry":{"type":"Point","coordinates":[85.802735,20.272165]}},{"type":"Feature","properties":{"@id":"node/7709755747","addr:district":"Khordha","addr:full":"Baramunda Housing Board Colony, Baramunda, Bhubaneswar","addr:postcode":"751003","addr:state":"Odhisa","amenity":"clinic","name":"Care and Cure Physiotherapy Clinic","source":"Local Knowledge"},"geometry":{"type":"Point","coordinates":[85.797416,20.279687]}},{"type":"Feature","properties":{"@id":"node/7709755748","addr:district":"Khordha","addr:full":"HIG Duplex BDA Colony, RBI Colony, Baramunda, Bhubaneswar","addr:postcode":"751003","addr:state":"Odhisa","amenity":"clinic","name":"Dr. Pushpa Clinic","source":"Local Knowledge"},"geometry":{"type":"Point","coordinates":[85.7943051,20.2753089]}},{"type":"Feature","properties":{"@id":"node/7709755750","addr:district":"Khordha","addr:full":"Millennium Colony, Baramunda, Bhubaneswar","addr:postcode":"751003","addr:state":"Odhisa","amenity":"dentist","name":"S B Dental Care","source":"Local Knowledge"},"geometry":{"type":"Point","coordinates":[85.8002877,20.272613]}},{"type":"Feature","properties":{"@id":"node/7709755751","addr:district":"Khordha","addr:full":"257, Road Number 1, Jagannath Vihar, Baramunda, Bhubaneswar","addr:postcode":"751003","addr:state":"Odhisa","amenity":"clinic","name":"Dr. S S Patra's Clinic","source":"Local Knowledge"},"geometry":{"type":"Point","coordinates":[85.7911388,20.2871279]}},{"type":"Feature","properties":{"@id":"node/7709755752","addr:district":"Khordha","addr:full":"Soubhagya Nagar, Phase 2, Baramunda, Bhubaneswar","addr:postcode":"751003","addr:state":"Odhisa","amenity":"clinic","name":"Dr. B B Karan's Brain Clinic","source":"Local Knowledge"},"geometry":{"type":"Point","coordinates":[85.8028256,20.2690362]}},{"type":"Feature","properties":{"@id":"node/7709755753","addr:district":"Khordha","addr:full":"Baramunda, Bhubaneswar","addr:postcode":"751003","addr:state":"Odhisa","amenity":"dentist","name":"Max Smile Dental Clinic","source":"Local Knowledge"},"geometry":{"type":"Point","coordinates":[85.7957352,20.2778002]}},{"type":"Feature","properties":{"@id":"node/7709755754","addr:district":"Khordha","addr:full":"Baramunda, Bhubaneswar","addr:postcode":"751003","addr:state":"Odhisa","amenity":"dentist","name":"Dental Care","source":"Local Knowledge"},"geometry":{"type":"Point","coordinates":[85.7946724,20.2783278]}},{"type":"Feature","properties":{"@id":"node/7709755759","addr:district":"Khordha","addr:full":"Baramunda, Bhubaneswar","addr:postcode":"751003","addr:state":"Odhisa","amenity":"hospital","name":"Baramunda Homeopathy Hospital","source":"Local Knowledge"},"geometry":{"type":"Point","coordinates":[85.7994011,20.2670943]}},{"type":"Feature","properties":{"@id":"node/7709755760","addr:district":"Khordha","addr:full":"Krusi Vihar Street, Panachka Nagar, Soubhagya Nagar, Phase 2, Baramunda, Bhubaneswar","addr:postcode":"751003","addr:state":"Odhisa","amenity":"dentist","name":"Dr. Sanjeev's Dental Clinic","source":"Local Knowledge"},"geometry":{"type":"Point","coordinates":[85.8018834,20.2682195]}},{"type":"Feature","properties":{"@id":"node/7709755764","addr:district":"Khordha","addr:full":"Cosmopolis Road, Dumduma, Bhubaneswar","addr:postcode":"751019","addr:state":"Odhisa","amenity":"clinic","name":"Ever Healthy Clinic","source":"Local Knowledge"},"geometry":{"type":"Point","coordinates":[85.785974,20.248995]}},{"type":"Feature","properties":{"@id":"node/7709755765","addr:district":"Khordha","addr:full":"Phase II, Dumduma, Bhubaneswar","addr:postcode":"751019","addr:state":"Odhisa","amenity":"dentist","name":"Dumduma Dental Clinic","source":"Local Knowledge"},"geometry":{"type":"Point","coordinates":[85.788816,20.239603]}},{"type":"Feature","properties":{"@id":"node/7709755767","addr:district":"Khordha","addr:full":"Soubhagya Nagar, Baramunda, Bhubaneswar","addr:postcode":"751003","addr:state":"Odhisa","amenity":"clinic","name":"Oro Clinic","source":"Local Knowledge"},"geometry":{"type":"Point","coordinates":[85.8045986,20.2692609]}},{"type":"Feature","properties":{"@id":"node/7709755768","addr:district":"Khordha","addr:full":"Sibaswamya, Khandagiri Vihar, Bhubaneshwar","addr:postcode":"751030","addr:state":"Odhisa","amenity":"hospital","name":"Ayurprakruthi Ayurveda Hospital","source":"Local Knowledge"},"geometry":{"type":"Point","coordinates":[85.785748,20.260142]}},{"type":"Feature","properties":{"@id":"node/7709970627","addr:district":"Khordha","addr:full":"Dayanandnagar, Nigamananda Nagar, Rasulgarh, Bhubaneswar","addr:postcode":"751007","addr:state":"Odhisa","amenity":"clinic","name":"Satyam Health Centre","source":"Local Knowledge"},"geometry":{"type":"Point","coordinates":[85.8593909,20.2865656]}},{"type":"Feature","properties":{"@id":"node/7709970629","addr:district":"Khordha","addr:full":"Pandara, Rasulgarh, Bhubaneswar","addr:postcode":"751025","addr:state":"Odhisa","amenity":"doctors","name":"Dr. Pratap Kumar Pradhan","source":"Local Knowledge"},"geometry":{"type":"Point","coordinates":[85.8678737,20.284622]}},{"type":"Feature","properties":{"@id":"node/7709970632","addr:district":"Khordha","addr:full":"Kalpana Square, Laxmisagar, Bhubaneswar","addr:postcode":"751006","addr:state":"Odhisa","amenity":"dentist","name":"Sai Sree Dental Clinic","source":"Local Knowledge"},"geometry":{"type":"Point","coordinates":[85.8447279,20.2602776]}},{"type":"Feature","properties":{"@id":"node/7709970633","addr:district":"Khordha","addr:full":"Bhimatangi Housing Colony, Bhubaneswar","addr:postcode":"751002","addr:state":"Odhisa","amenity":"clinic","name":"Sabita Clinic","source":"Local Knowledge"},"geometry":{"type":"Point","coordinates":[85.8250302,20.2412875]}},{"type":"Feature","properties":{"@id":"node/7709970635","addr:district":"Khordha","addr:full":"Puri - Cuttack Road, Nigamananda Nagar, Rasulgarh, Bhubaneswar","addr:postcode":"751007","addr:state":"Odhisa","amenity":"clinic","name":"Dr. Mohan's Diabetes Specialities Centre","source":"Local Knowledge"},"geometry":{"type":"Point","coordinates":[85.8572329,20.2863494]}},{"type":"Feature","properties":{"@id":"node/7709970636","addr:district":"Khordha","addr:full":"BJB Nagar, Bhubaneswar","addr:postcode":"751014","addr:state":"Odhisa","amenity":"doctors","name":"Dr. B.P Satpathy","source":"Local Knowledge"},"geometry":{"type":"Point","coordinates":[85.8418309,20.2503489]}},{"type":"Feature","properties":{"@id":"node/7709970637","addr:district":"Khordha","addr:full":"BMC Bhawani Mall Street, Saheed Nagar, Bhubaneswar","addr:postcode":"751007","addr:state":"Odhisa","amenity":"hospital","name":"Dr. Agarwal's Eye Hospital","source":"Local Knowledge"},"geometry":{"type":"Point","coordinates":[85.8465823,20.2870276]}},{"type":"Feature","properties":{"@id":"node/7709970638","addr:district":"Khordha","addr:full":"Bapuji Nagar, Bhubaneswar","addr:postcode":"751009","addr:state":"Odhisa","amenity":"clinic","name":"Vandana Clinic","source":"Local Knowledge"},"geometry":{"type":"Point","coordinates":[85.8348902,20.2580439]}},{"type":"Feature","properties":{"@id":"node/7709970640","addr:district":"Khordha","addr:full":"Bapuji Nagar, Bhubaneswar","addr:postcode":"751009","addr:state":"Odhisa","amenity":"hospital","name":"Satyam Hospital","source":"Local Knowledge"},"geometry":{"type":"Point","coordinates":[85.8366439,20.2590446]}},{"type":"Feature","properties":{"@id":"node/7709970641","addr:district":"Khordha","addr:full":"Lingaraj Vihar, Pokhariput, Bhubaneswar","addr:postcode":"751020","addr:state":"Odhisa","amenity":"doctors","name":"Dr. Naresh Chandra Acharya","source":"Local Knowledge"},"geometry":{"type":"Point","coordinates":[85.8146524,20.23729]}},{"type":"Feature","properties":{"@id":"node/7709970642","addr:district":"Khordha","addr:full":"N-1, 1460/61, IRC Village, Nayapalli, Bhubaneswar","addr:postcode":"751015","addr:state":"Odhisa","amenity":"hospital","name":"Gastro and Kidney Care Hospital","source":"Local Knowledge"},"geometry":{"type":"Point","coordinates":[85.8106459,20.2878308]}},{"type":"Feature","properties":{"@id":"node/7709970643","addr:district":"Khordha","addr:full":"Laxmisagar, Bhubaneswar","addr:postcode":"751006","addr:state":"Odhisa","amenity":"doctors","name":"Dr. Niranjan Sahu","source":"Local Knowledge"},"geometry":{"type":"Point","coordinates":[85.8491792,20.2613977]}},{"type":"Feature","properties":{"@id":"node/7709970644","addr:district":"Khordha","addr:full":"BJB Nagar, Bhubaneswar","addr:postcode":"751014","addr:state":"Odhisa","amenity":"college","name":"Buxi Jagabandhu Bidyadhar Junior College","source":"Local Knowledge"},"geometry":{"type":"Point","coordinates":[85.8456567,20.2548382]}},{"type":"Feature","properties":{"@id":"node/7709970645","addr:district":"Khordha","addr:full":"Shahid Nagar, Bomikhal, Jharapada, Bhubaneswar","addr:postcode":"751007","addr:state":"Odhisa","amenity":"clinic","name":"Aum Ambe Ayurvedic Clinic","source":"Local Knowledge"},"geometry":{"type":"Point","coordinates":[85.855867,20.285126]}},{"type":"Feature","properties":{"@id":"node/7709970646","addr:district":"Khordha","addr:full":"Bhimatangi Road, Kapila Prasad, Bhimatangi Housing Colony, Bhubaneswar","addr:postcode":"751002","addr:state":"Odhisa","amenity":"doctors","name":"Dr. S.K Kabi","source":"Local Knowledge"},"geometry":{"type":"Point","coordinates":[85.8153517,20.2341588]}},{"type":"Feature","properties":{"@id":"node/7709970648","addr:district":"Khordha","addr:full":"Bomikhal, Bhubaneswar","addr:postcode":"751006","addr:state":"Odhisa","amenity":"hospital","name":"Lath ENT Centre","source":"Local Knowledge"},"geometry":{"type":"Point","coordinates":[85.8554075,20.2814711]}},{"type":"Feature","properties":{"@id":"node/7709970651","addr:district":"Khordha","addr:full":"Laxmi Sagar Samantaray Colony, Bhubaneswar","addr:postcode":"751014","addr:state":"Odhisa","amenity":"dentist","name":"Aesthetica Dental Studio","source":"Local Knowledge"},"geometry":{"type":"Point","coordinates":[85.8446238,20.2592636]}},{"type":"Feature","properties":{"@id":"node/7709970652","addr:district":"Khordha","addr:full":"Lingaraj Vihar, Pokhariput, Bhubaneswar","addr:postcode":"751020","addr:state":"Odhisa","amenity":"clinic","name":"Laxmi Brain Clinic","source":"Local Knowledge"},"geometry":{"type":"Point","coordinates":[85.812988,20.2362]}},{"type":"Feature","properties":{"@id":"node/7709970654","addr:district":"Khordha","addr:full":"Budheswari Colony, Laxmisagar, Bhubaneswar","addr:postcode":"751006","addr:state":"Odhisa","amenity":"hospital","name":"Sunshine Hospital","source":"Local Knowledge"},"geometry":{"type":"Point","coordinates":[85.8483738,20.2690649]}},{"type":"Feature","properties":{"@id":"node/7709970655","addr:district":"Khordha","addr:full":"Saheed Nagar, Bhubaneswar","addr:postcode":"751007","addr:state":"Odhisa","amenity":"clinic","name":"Winika Clinic","source":"Local Knowledge"},"geometry":{"type":"Point","coordinates":[85.8470627,20.2869046]}},{"type":"Feature","properties":{"@id":"node/7709970657","addr:district":"Khordha","addr:full":"Pokhariput, Bhubaneswar","addr:postcode":"751020","addr:state":"Odhisa","amenity":"hospital","name":"Astang Ayurvedic Hospital","source":"Local Knowledge"},"geometry":{"type":"Point","coordinates":[85.806084,20.241578]}},{"type":"Feature","properties":{"@id":"node/7709970658","addr:district":"Khordha","addr:full":"Unit 3, Kharabela Nagar, Bhubaneswar","addr:postcode":"751001","addr:state":"Odhisa","amenity":"hospital","name":"Global Hospital","source":"Local Knowledge"},"geometry":{"type":"Point","coordinates":[85.835778,20.2727519]}},{"type":"Feature","properties":{"@id":"node/7709970659","addr:district":"Khordha","addr:full":"Saheed Nagar Road, Saheed Nagar, Bhubaneswar","addr:postcode":"751007","addr:state":"Odhisa","amenity":"doctors","name":"Dr. PK Pradhan","source":"Local Knowledge"},"geometry":{"type":"Point","coordinates":[85.8500164,20.2875759]}},{"type":"Feature","properties":{"@id":"node/7709970660","addr:district":"Khordha","addr:full":"Industrial Area, Kharabela Nagar, Bhubaneswar","addr:postcode":"751001","addr:state":"Odhisa","amenity":"hospital","name":"ASG Eye Hospital","source":"Local Knowledge"},"geometry":{"type":"Point","coordinates":[85.8456043,20.2746478]}},{"type":"Feature","properties":{"@id":"node/7709970661","addr:district":"Khordha","addr:full":"Tankapani Road, Rajarani Colony, Rajarani Temple, Bhubaneswar","addr:postcode":"751014","addr:state":"Odhisa","amenity":"clinic","name":"Sai Kids Clinic","source":"Local Knowledge"},"geometry":{"type":"Point","coordinates":[85.8440741,20.2451053]}},{"type":"Feature","properties":{"@id":"node/7709970662","addr:district":"Khordha","addr:full":"Ashok Nagar, Bhubaneswar","addr:postcode":"751009","addr:state":"Odhisa","amenity":"hospital","name":"Global Health Care","source":"Local Knowledge"},"geometry":{"type":"Point","coordinates":[85.838825,20.2609261]}},{"type":"Feature","properties":{"@id":"node/7709970663","addr:district":"Khordha","addr:full":"Bomikhal, Jharapada, Bhubaneswar","addr:postcode":"751006","addr:state":"Odhisa","amenity":"clinic","name":"Maya Health Care","source":"Local Knowledge"},"geometry":{"type":"Point","coordinates":[85.8563321,20.283477]}},{"type":"Feature","properties":{"@id":"node/7709970664","addr:district":"Khordha","addr:full":"Lingaraj Nagar, Old Town, Bhubaneswar","addr:postcode":"751002","addr:state":"Odhisa","amenity":"doctors","name":"Dr. Chitta Ranjan Kar","source":"Local Knowledge"},"geometry":{"type":"Point","coordinates":[85.8313782,20.2369603]}},{"type":"Feature","properties":{"@id":"node/7709970665","addr:district":"Khordha","addr:full":"Satya Nagar, Bhubaneswar","addr:postcode":"751007","addr:state":"Odhisa","amenity":"hospital","name":"National City Medical","source":"Local Knowledge"},"geometry":{"type":"Point","coordinates":[85.8480983,20.2813207]}},{"type":"Feature","properties":{"@id":"node/7709970667","addr:district":"Khordha","addr:full":"Dayanandnagar, Nigamananda Nagar, Rasulgarh, Bhubaneswar","addr:postcode":"751007","addr:state":"Odhisa","amenity":"hospital","name":"Sanjeevani Panchakarma Center and Piles Clinic","source":"Local Knowledge"},"geometry":{"type":"Point","coordinates":[85.8593787,20.2873182]}},{"type":"Feature","properties":{"@id":"node/7709970668","addr:district":"Khordha","addr:full":"Forest Park, Bhubaneswar","addr:postcode":"751020","addr:state":"Odhisa","amenity":"clinic","name":"Mamata Chikitsalaya","source":"Local Knowledge"},"geometry":{"type":"Point","coordinates":[85.8301314,20.2541201]}},{"type":"Feature","properties":{"@id":"node/7709970669","addr:district":"Khordha","addr:full":"Siba Nagar, Brahmeswarpatna, Bhubaneswar","addr:postcode":"751002","addr:state":"Odhisa","amenity":"clinic","name":"Sri Krishna Poly Clinic","source":"Local Knowledge"},"geometry":{"type":"Point","coordinates":[85.850946,20.243716]}},{"type":"Feature","properties":{"@id":"node/7709970670","addr:district":"Khordha","addr:full":"Bhimatangi Housing Colony, Bhubaneswar","addr:postcode":"751002","addr:state":"Odhisa","amenity":"dentist","name":"Star Multispeciality Dental and Cosmetology Clinic","source":"Local Knowledge"},"geometry":{"type":"Point","coordinates":[85.8223334,20.2382109]}},{"type":"Feature","properties":{"@id":"node/7709970671","addr:district":"Khordha","addr:full":"Plot No.:25(P, Maharishi College Road, Near Vision Care, Back Side of Saheed Nagar, Bhubaneswar","addr:postcode":"751007","addr:state":"Odhisa","amenity":"clinic","name":"Ghana Shyam Health Care","source":"Local Knowledge"},"geometry":{"type":"Point","coordinates":[85.8502952,20.286539]}},{"type":"Feature","properties":{"@id":"node/7709970672","addr:district":"Khordha","addr:full":"Bomikhal, Rasulgarh, Bhubaneswar","addr:postcode":"751010","addr:state":"Odhisa","amenity":"dentist","name":"Ultracare Dental Clinic","source":"Local Knowledge"},"geometry":{"type":"Point","coordinates":[85.8603239,20.2849889]}},{"type":"Feature","properties":{"@id":"node/7709970673","addr:district":"Khordha","addr:full":"Nageswar Tangi, Gautam Nagar","addr:postcode":"751014","addr:state":"Odhisa","amenity":"clinic","name":"Aspire Clinic","source":"Local Knowledge"},"geometry":{"type":"Point","coordinates":[85.838864,20.2556985]}},{"type":"Feature","properties":{"@id":"node/7709970676","addr:district":"Khordha","addr:full":"Bhubaneswar","addr:postcode":"751002","addr:state":"Odhisa","amenity":"clinic","name":"Mohan Prava Clinic","source":"Local Knowledge"},"geometry":{"type":"Point","coordinates":[85.819064,20.234815]}},{"type":"Feature","properties":{"@id":"node/7709970678","addr:district":"Khordha","addr:full":"Kalpana Square, Laxmisagar, Bhubaneswar","addr:postcode":"751006","addr:state":"Odhisa","amenity":"hospital","name":"Vikash Hospital","source":"Local Knowledge"},"geometry":{"type":"Point","coordinates":[85.8461782,20.2581158]}},{"type":"Feature","properties":{"@id":"node/7709970679","addr:district":"Khordha","addr:full":"Saheed Nagar, Bhubaneswar","addr:postcode":"751007","addr:state":"Odhisa","amenity":"hospital","name":"Amri Hospitals","source":"Local Knowledge"},"geometry":{"type":"Point","coordinates":[85.8466525,20.2880923]}},{"type":"Feature","properties":{"@id":"node/7709970682","addr:district":"Khordha","addr:full":"Gandamunda, Pokhariput, Bhubaneswar","addr:postcode":"751020","addr:state":"Odhisa","amenity":"hospital","name":"Government Hospital","source":"Local Knowledge"},"geometry":{"type":"Point","coordinates":[85.8081203,20.246205]}},{"type":"Feature","properties":{"@id":"node/7709970685","addr:district":"Khordha","addr:full":"Jharapada, Bhubaneswar","addr:postcode":"751006","addr:state":"Odhisa","amenity":"hospital","name":"Shharc Homeopathy Hospital","source":"Local Knowledge"},"geometry":{"type":"Point","coordinates":[85.8574992,20.2825278]}},{"type":"Feature","properties":{"@id":"node/7709970686","addr:district":"Khordha","addr:full":"Tankapani Road, Rajarani Colony, Bhubaneswar","addr:postcode":"751014","addr:state":"Odhisa","amenity":"clinic","name":"Chakadola Clinic","source":"Local Knowledge"},"geometry":{"type":"Point","coordinates":[85.8412648,20.2445621]}},{"type":"Feature","properties":{"@id":"node/7709970687","addr:district":"Khordha","addr:full":"Jaya Durga Nagar, Bomikhal, Bhubaneswar","addr:postcode":"751006","addr:state":"Odhisa","amenity":"dentist","name":"Sai Shradha Smile Dental Clinic","source":"Local Knowledge"},"geometry":{"type":"Point","coordinates":[85.8555038,20.280655]}},{"type":"Feature","properties":{"@id":"node/7709970689","addr:district":"Khordha","addr:full":"Ganga Nagar, Bhubaneswar","addr:postcode":"751020","addr:state":"Odhisa","amenity":"doctors","name":"Dr. Sanjukta Mohapatra","source":"Local Knowledge"},"geometry":{"type":"Point","coordinates":[85.8177249,20.2599778]}},{"type":"Feature","properties":{"@id":"node/7709970690","addr:district":"Khordha","addr:full":"Bhima Kunda, Bhimatangi Housing Colony, Bhubaneswar","addr:postcode":"751002","addr:state":"Odhisa","amenity":"clinic","name":"Riva Child and Skin Care","source":"Local Knowledge"},"geometry":{"type":"Point","coordinates":[85.8211857,20.237285]}},{"type":"Feature","properties":{"@id":"node/7709970691","addr:district":"Khordha","addr:full":"Kapila Prasad, Bhimatangi Housing Colony, Bhubaneswar","addr:postcode":"751002","addr:state":"Odhisa","amenity":"clinic","name":"Carex Clinic","source":"Local Knowledge"},"geometry":{"type":"Point","coordinates":[85.8154982,20.2342097]}},{"type":"Feature","properties":{"@id":"node/7709970692","addr:district":"Khordha","addr:full":"Jharapada, Bhubaneswar","addr:postcode":"751006","addr:state":"Odhisa","amenity":"dentist","name":"Mallick's Multi Speciality Dental Care","source":"Local Knowledge"},"geometry":{"type":"Point","coordinates":[85.8539332,20.2781065]}},{"type":"Feature","properties":{"@id":"node/7709970693","addr:district":"Khordha","addr:full":"Sunderprada, Kapilaprasad, Bhubaneswar","addr:postcode":"751012","addr:state":"Odhisa","amenity":"hospital","name":"Sundarpada Hospital","source":"Local Knowledge"},"geometry":{"type":"Point","coordinates":[85.8156911,20.2319766]}},{"type":"Feature","properties":{"@id":"node/7709970694","addr:district":"Khordha","addr:full":"Old Post Office Lane, Laxmisagar, Bhubaneswar","addr:postcode":"751006","addr:state":"Odhisa","amenity":"clinic","name":"Dr. Debabrata Padhy Bone and Joint Clinic","source":"Local Knowledge"},"geometry":{"type":"Point","coordinates":[85.8488209,20.265314]}},{"type":"Feature","properties":{"@id":"node/7709970695","addr:district":"Khordha","addr:full":"Lingaraj Vihar, Pokhariput, Bhubaneswar","addr:postcode":"751020","addr:state":"Odhisa","amenity":"hospital","name":"Laxmi Hospital","source":"Local Knowledge"},"geometry":{"type":"Point","coordinates":[85.8130762,20.2364792]}},{"type":"Feature","properties":{"@id":"node/7709970696","addr:district":"Khordha","addr:full":"Rasulgarh Canal Road, Nigamananda Nagar, Rasulgarh, Bhubaneswar","addr:postcode":"751010","addr:state":"Odhisa","amenity":"clinic","name":"Healthline Multi Speciality Clinic","source":"Local Knowledge"},"geometry":{"type":"Point","coordinates":[85.8610232,20.2879798]}},{"type":"Feature","properties":{"@id":"node/7709970698","addr:district":"Khordha","addr:full":"Bapuji Nagar, Bhubaneswar","addr:postcode":"751009","addr:state":"Odhisa","amenity":"clinic","name":"Laggicare Surgical Clinic","source":"Local Knowledge"},"geometry":{"type":"Point","coordinates":[85.834385,20.2546973]}},{"type":"Feature","properties":{"@id":"node/7709970699","addr:district":"Khordha","addr:full":"Bhubaneswar","addr:postcode":"751022","addr:state":"Odhisa","amenity":"clinic","healthcare":"clinic","name":"Nicky Home Clinic","source":"Local Knowledge"},"geometry":{"type":"Point","coordinates":[85.8391386,20.2866738]}},{"type":"Feature","properties":{"@id":"node/7709970700","addr:district":"Khordha","addr:full":"Chintamaniswar, Laxmisagar, Bhubaneswar","addr:postcode":"751006","addr:state":"Odhisa","amenity":"hospital","name":"Ananya Hospital","source":"Local Knowledge"},"geometry":{"type":"Point","coordinates":[85.8513634,20.2610106]}},{"type":"Feature","properties":{"@id":"node/7709970701","addr:district":"Khordha","addr:full":"Station Road, Buddha Nagar, Laxmisagar, Bhubaneswar","addr:postcode":"751006","addr:state":"Odhisa","amenity":"doctors","name":"Dr. Paresh Patnaik","source":"Local Knowledge"},"geometry":{"type":"Point","coordinates":[85.8428252,20.2609354]}},{"type":"Feature","properties":{"@id":"node/7709970702","addr:district":"Khordha","addr:full":"Buddha Nagar, Laxmisagar, Bhubaneswar","addr:postcode":"751006","addr:state":"Odhisa","amenity":"doctors","name":"Dr. S. N. Mohanty","source":"Local Knowledge"},"geometry":{"type":"Point","coordinates":[85.8429457,20.2607541]}},{"type":"Feature","properties":{"@id":"node/7709970706","addr:district":"Khordha","addr:full":"Bhubaneswar","addr:postcode":"751020","addr:state":"Odhisa","amenity":"hospital","name":"Shishu Bhavan Hospital","source":"Local Knowledge"},"geometry":{"type":"Point","coordinates":[85.8320433,20.2545983]}},{"type":"Feature","properties":{"@id":"node/7709970708","addr:district":"Khordha","addr:full":"Nageswar Tangi, Old Town, Bhubaneswar","addr:postcode":"751014","addr:state":"Odhisa","amenity":"hospital","name":"Government Ayurvedic Hospital","source":"Local Knowledge"},"geometry":{"type":"Point","coordinates":[85.8380208,20.2525266]}},{"type":"Feature","properties":{"@id":"node/7709970709","addr:district":"Khordha","addr:full":"Saheed Nagar, Bhubaneswar","addr:postcode":"751007","addr:state":"Odhisa","amenity":"clinic","name":"Saraswat Clinic","source":"Local Knowledge"},"geometry":{"type":"Point","coordinates":[85.8538269,20.288949]}},{"type":"Feature","properties":{"@id":"node/7709970710","addr:district":"Khordha","addr:full":"Badagada Brit Colony, Pandav Nagar, Bhubaneswar","addr:postcode":"751018","addr:state":"Odhisa","amenity":"clinic","name":"Pradhan Homeo Clinic","source":"Local Knowledge"},"geometry":{"type":"Point","coordinates":[85.8522115,20.2482951]}},{"type":"Feature","properties":{"@id":"node/7709970713","addr:district":"Khordha","addr:full":"Mahaveer Nagar, Jharapada, Bhubaneswar","addr:postcode":"751006","addr:state":"Odhisa","amenity":"dentist","name":"Aspire Dental Centre","source":"Local Knowledge"},"geometry":{"type":"Point","coordinates":[85.8547013,20.2794037]}},{"type":"Feature","properties":{"@id":"node/7709970716","addr:district":"Khordha","addr:full":"Bhubaneswar","addr:postcode":"751009","addr:state":"Odhisa","amenity":"clinic","name":"Prayas Health Care","source":"Local Knowledge"},"geometry":{"type":"Point","coordinates":[85.828879,20.255359]}},{"type":"Feature","properties":{"@id":"node/7709970717","addr:district":"Khordha","addr:full":"Bhubaneswar","addr:postcode":"751022","addr:state":"Odhisa","amenity":"dentist","name":"Care 32 Multispeciality Dental Clinic","source":"Local Knowledge"},"geometry":{"type":"Point","coordinates":[85.8380738,20.2867935]}},{"type":"Feature","properties":{"@id":"node/7760181478","amenity":"shelter","shelter_type":"gazebo"},"geometry":{"type":"Point","coordinates":[85.8059861,20.2419434]}},{"type":"Feature","properties":{"@id":"node/7835276891","amenity":"place_of_worship","denomination":"Temple","name":"Ananta Basudeva Temple","religion":"hindu","wikidata":"Q2578551","wikipedia":"en:Ananta Vasudeva Temple"},"geometry":{"type":"Point","coordinates":[85.8357258,20.2405801]}},{"type":"Feature","properties":{"@id":"node/7835276896","amenity":"place_of_worship","name":"Teertheswara Temple"},"geometry":{"type":"Point","coordinates":[85.8349709,20.2395478]}},{"type":"Feature","properties":{"@id":"node/7835276901","amenity":"place_of_worship","name":"Gauri Shankar Ganesh Temple"},"geometry":{"type":"Point","coordinates":[85.834766,20.2392742]}},{"type":"Feature","properties":{"@id":"node/7835276902","amenity":"place_of_worship","name":"Bhimeswar Temple","religion":"hindu"},"geometry":{"type":"Point","coordinates":[85.8363257,20.2437879]}},{"type":"Feature","properties":{"@id":"node/7835276903","amenity":"place_of_worship","name":"Uttareswar Temple","religion":"hindu"},"geometry":{"type":"Point","coordinates":[85.8362579,20.2437179]}},{"type":"Feature","properties":{"@id":"node/7835276904","amenity":"place_of_worship","name":"Asta-Shambhu Temple","religion":"hindu"},"geometry":{"type":"Point","coordinates":[85.8362071,20.2436718]}},{"type":"Feature","properties":{"@id":"node/7835276909","amenity":"place_of_worship","denomination":"hindu","name":"Suresvara Temple","religion":"hindu"},"geometry":{"type":"Point","coordinates":[85.8346333,20.2378066]}},{"type":"Feature","properties":{"@id":"node/7835276910","amenity":"place_of_worship","denomination":"hindu","name":"Kartikeswar Temple","religion":"hindu"},"geometry":{"type":"Point","coordinates":[85.8356017,20.2377765]}},{"type":"Feature","properties":{"@id":"node/7835276911","amenity":"place_of_worship","denomination":"hindu","name":"Ganga Jamuna Temple","religion":"hindu"},"geometry":{"type":"Point","coordinates":[85.8362161,20.239072]}},{"type":"Feature","properties":{"@id":"node/7835276912","amenity":"place_of_worship","denomination":"hindu","name":"Ganga Jamuna Pond","religion":"hindu"},"geometry":{"type":"Point","coordinates":[85.83634,20.2391218]}},{"type":"Feature","properties":{"@id":"node/7835276913","amenity":"place_of_worship","denomination":"hindu","name":"Lakheswar Temple","religion":"hindu"},"geometry":{"type":"Point","coordinates":[85.8360993,20.2388644]}},{"type":"Feature","properties":{"@id":"node/7996680825","addr:city":"Bhubaneswar","addr:housenumber":"52","addr:postcode":"751001","addr:street":"near Dalma lane, Old Ag Colony, Unit 4,","amenity":"restaurant","cuisine":"chinese;sandwich;barbecue;roll","diet:non-vegetarian":"yes","diet:vegetarian":"yes","name":"Oishi Fresh | Fastfood Restaurant | Bhubaneswar","opening_hours":"Mo-Su 18:00-22:00","phone":"+917735707815","website":"https://oishi-fresh.business.site/"},"geometry":{"type":"Point","coordinates":[85.8330021,20.2838158]}},{"type":"Feature","properties":{"@id":"node/8460492902","amenity":"place_of_worship","name":"Baitala Sisireswara Temple"},"geometry":{"type":"Point","coordinates":[85.8323936,20.24242]}},{"type":"Feature","properties":{"@id":"node/8870030863","amenity":"hospital","description":"Covid Treatment Available","disease:covid19":"yes","emergency":"no","healthcare":"hospital","name":"AIIMS Hospital"},"geometry":{"type":"Point","coordinates":[85.7736749,20.2317351]}},{"type":"Feature","properties":{"@id":"node/8870030865","amenity":"hospital","description":"Covid Treatment Available","disease:covid19":"yes","healthcare":"hospital","name":"Vivekananda Hospital"},"geometry":{"type":"Point","coordinates":[85.8002264,20.2792952]}},{"type":"Feature","properties":{"@id":"node/9378241632","amenity":"place_of_worship","building":"temple","name":"Baba Akhandalamani Temple","religion":"hindu"},"geometry":{"type":"Point","coordinates":[85.8446097,20.2524848]}},{"type":"Feature","properties":{"@id":"node/9957626513","addr:city":"Bhubaneswar Municipal Corporation","addr:country":"IN","addr:housenumber":"HIG - 1/36","addr:postcode":"751030","addr:street":"Lane - 13, Satyasai Enclave, Khandagiri","amenity":"laboratory","healthcare":"laboratory","healthcare:speciality":"laboratory;clinical_laboratory","name":"Doctors Patholab","operator":"ODI MAN PRIVATE LIMITED","operator:type":"private","phone":"+91-7847076691","ref":"NH-16 Byp Rd","website":"https://www.doctorspatholab.com/"},"geometry":{"type":"Point","coordinates":[85.7777525,20.2582259]}},{"type":"Feature","properties":{"@id":"node/10138305117","addr:postcode":"751014","addr:street":"Kalpana Road","amenity":"school","name":"Buxi Jagabandu English Medium School","website":"https://www.bjemschool.org/"},"geometry":{"type":"Point","coordinates":[85.845118,20.2566815]}},{"type":"Feature","properties":{"@id":"node/10138310917","addr:postcode":"751006","amenity":"restaurant","name":"Truptee Veg Restaurant"},"geometry":{"type":"Point","coordinates":[85.841902,20.2590521]}},{"type":"Feature","properties":{"@id":"node/10733627764","addr:city":"bhubaneswar","addr:housenumber":"Autopsy road","addr:postcode":"751001","amenity":"fast_food","cuisine":"coffee_shop","drive_through":"yes","name":"MANU OMFED","opening_hours":"Mo-Su 08:00-20:00"},"geometry":{"type":"Point","coordinates":[85.8215637,20.2630288]}},{"type":"Feature","properties":{"@id":"node/10733641436","amenity":"school","name":"Govt. Girl High school"},"geometry":{"type":"Point","coordinates":[85.8182889,20.2640813]}},{"type":"Feature","properties":{"@id":"node/10733641437","amenity":"school","name":"Ruchika High school"},"geometry":{"type":"Point","coordinates":[85.8200878,20.263538]}},{"type":"Feature","properties":{"@id":"node/10733641438","amenity":"school","name":"Govt. Boys High school"},"geometry":{"type":"Point","coordinates":[85.8206994,20.2632747]}},{"type":"Feature","properties":{"@id":"node/11310080286","addr:postcode":"751001","air_conditioning":"no","amenity":"restaurant","bar":"no","brewery":"no","check_date":"2023-12-22","cuisine":"regional","delivery":"yes","diet:chicken":"yes","diet:fish":"yes","diet:meat":"yes","diet:non-vegetarian":"yes","diet:omnivore":"yes","diet:seafood":"yes","diet:vegetarian":"yes","highchair":"yes","internet_access":"no","microbrewery":"no","name":"Chancellor Restaurant","outdoor_seating":"no","smoking":"no","source":"local knowledge","takeaway":"yes","toilets":"yes","toilets:wheelchair":"limited","wheelchair":"limited"},"geometry":{"type":"Point","coordinates":[85.8265409,20.2819155]}},{"type":"Feature","properties":{"@id":"node/11311562521","addr:floor":"G","amenity":"bank","brand":"Indian Bank","brand:wikidata":"Q2003789","check_date":"2023-12-27","drive_through":"no","internet_access":"no","level":"0","name":"Indian Bank","payment:cash":"yes","payment:upi":"yes","wheelchair":"no"},"geometry":{"type":"Point","coordinates":[85.8371692,20.2617671]}},{"type":"Feature","properties":{"@id":"node/11311562524","amenity":"bank","atm":"no","brand":"Union Bank of India","brand:wikidata":"Q2004078","check_date":"2023-12-23","currency:INR":"yes","drive_through":"no","internet_access":"no","name":"Union Bank of India","payment:cash":"yes","payment:credit_cards":"yes","payment:upi":"yes","source":"local knowledge","wheelchair":"no"},"geometry":{"type":"Point","coordinates":[85.8374504,20.2621343]}},{"type":"Feature","properties":{"@id":"node/11311562525","amenity":"restaurant","check_date":"2023-12-23","internet_access":"no","name":"Spice Heaven Family restaurant","payment:cash":"yes","payment:upi":"yes","wheelchair":"no"},"geometry":{"type":"Point","coordinates":[85.8376048,20.2623424]}},{"type":"Feature","properties":{"@id":"node/11425364615","amenity":"restaurant","cuisine":"indian","name":"PG Parathe Waali"},"geometry":{"type":"Point","coordinates":[85.8168514,20.2758082]}},{"type":"Feature","properties":{"@id":"node/11425364618","amenity":"restaurant","name":"VARENYA'S - FOOD ARENA","phone":"07377066666","website":"https://www.varenyas.com/"},"geometry":{"type":"Point","coordinates":[85.8186509,20.2764783]}},{"type":"Feature","properties":{"@id":"node/11436354863","amenity":"fast_food","name":"Pride Kitchen"},"geometry":{"type":"Point","coordinates":[85.8384756,20.2634134]}},{"type":"Feature","properties":{"@id":"node/11436354867","amenity":"bank","brand":"Bank of India","brand:wikidata":"Q2004439","name":"Bank of India"},"geometry":{"type":"Point","coordinates":[85.8385499,20.2636314]}},{"type":"Feature","properties":{"@id":"node/11444144108","addr:postcode":"751001","amenity":"atm","brand":"State Bank of India","cash_in":"no","check_date":"2023-12-22","covered":"yes","currency:INR":"yes","drive_through":"no","indoor":"yes","lit":"yes","network":"SBI","operator":"State Bank Of India","source":"local knowledge","wheelchair":"no"},"geometry":{"type":"Point","coordinates":[85.8269893,20.2807198]}},{"type":"Feature","properties":{"@id":"node/11444144109","addr:postcode":"751001","air_conditioning":"no","amenity":"place_of_worship","baby_feeding":"no","check_date":"2023-12-22","internet_access":"no","name":"Trinath Temple","name:or":"ତ୍ରିନାଥ ମନ୍ଦିର","opening_hours":"24/7","polling_station":"no","religion":"hindu","source":"local knowledge","wheelchair":"yes"},"geometry":{"type":"Point","coordinates":[85.826484,20.2805542]}},{"type":"Feature","properties":{"@id":"node/11581038096","access":"private","amenity":"waste_disposal","waste":"waste_dumping_site"},"geometry":{"type":"Point","coordinates":[85.8263465,20.2816555]}},{"type":"Feature","properties":{"@id":"node/11617884570","amenity":"bench"},"geometry":{"type":"Point","coordinates":[85.7861801,20.2631837]}},{"type":"Feature","properties":{"@id":"node/11617887169","amenity":"bench"},"geometry":{"type":"Point","coordinates":[85.7855483,20.2629891]}},{"type":"Feature","properties":{"@id":"node/11617916669","amenity":"toilets"},"geometry":{"type":"Point","coordinates":[85.7851186,20.262585]}},{"type":"Feature","properties":{"@id":"node/11649275387","addr:city":"Bhubaneswar","addr:housenumber":"1st Floor, Plot No – 790, 1361/2355","addr:postcode":"751029","addr:street":"Sampur","amenity":"cafe","cuisine":"pizza;coffee_shop;burger;italian;sandwich;american;ice_cream;seafood","name":"Downtown Bistro & Cafe","opening_hours":"Mo-Su 09:00-21:00","outdoor_seating":"no"},"geometry":{"type":"Point","coordinates":[85.7725597,20.2861534]}},{"type":"Feature","properties":{"@id":"node/11865652561","amenity":"place_of_worship","name":"108 hanuman temple","religion":"hindu","wheelchair":"no"},"geometry":{"type":"Point","coordinates":[85.8290601,20.2619546]}},{"type":"Feature","properties":{"@id":"node/12096973640","amenity":"pharmacy","brand":"Apollo Pharmacy","brand:wikidata":"Q62562612","healthcare":"pharmacy","name":"Apollo Pharmacy"},"geometry":{"type":"Point","coordinates":[85.8393075,20.2869359]}},{"type":"Feature","properties":{"@id":"node/12260534585","amenity":"fast_food","brand":"Burger King","brand:wikidata":"Q177054","check_date":"2024-10-18","cuisine":"burger","drive_through":"no","name":"Burger King","takeaway":"yes"},"geometry":{"type":"Point","coordinates":[85.8392656,20.256441]}},{"type":"Feature","properties":{"@id":"node/12260534586","amenity":"restaurant","brand":"Pizza Hut","brand:wikidata":"Q191615","check_date":"2024-10-18","cuisine":"pizza","name":"Pizza Hut"},"geometry":{"type":"Point","coordinates":[85.8392893,20.2565095]}},{"type":"Feature","properties":{"@id":"node/12260534587","alt_name":"Kentucky Fried Chicken","alt_name:en":"Kentucky Fried Chicken","alt_name:hi":"केंटुकी फ्राइड चिकन","alt_name:pa":"ਕੈਂਟੁਕੀ ਫ੍ਰਾਈਡ ਚਿਕਨ","alt_name:pnb":"کینٹکی فرائیڈ چکن","alt_name:ur":"کینٹکی فرائیڈ چکن","amenity":"fast_food","brand":"KFC","brand:en":"KFC","brand:hi":"केएफसी","brand:pa":"ਕੇਐਫਸੀ","brand:pnb":"کے ایف سی","brand:ur":"کے ایف سی","brand:wikidata":"Q524757","check_date":"2024-10-18","cuisine":"chicken","name":"KFC","name:en":"KFC","name:hi":"केएफसी","name:pa":"ਕੇਐਫਸੀ","name:pnb":"کے ایف سی","name:ur":"کے ایف سی","takeaway":"yes"},"geometry":{"type":"Point","coordinates":[85.839355,20.2565678]}},{"type":"Feature","properties":{"@id":"node/12260534588","amenity":"ice_cream","brand":"Baskin-Robbins","brand:wikidata":"Q584601","check_date":"2024-10-18","cuisine":"ice_cream","name":"Baskin-Robbins"},"geometry":{"type":"Point","coordinates":[85.8394572,20.2564599]}},{"type":"Feature","properties":{"@id":"node/12260579826","amenity":"cinema","brand":"PVR Cinemas","brand:wikidata":"Q3359908","check_date":"2024-10-18","name":"PVR Cinemas","short_name":"PVR"},"geometry":{"type":"Point","coordinates":[85.8395495,20.2566526]}},{"type":"Feature","properties":{"@id":"node/12260708741","amenity":"bank","name":"UCO Bank"},"geometry":{"type":"Point","coordinates":[85.8404799,20.2666997]}},{"type":"Feature","properties":{"@id":"node/12260717350","amenity":"atm","name":"SBI"},"geometry":{"type":"Point","coordinates":[85.8335387,20.2693113]}},{"type":"Feature","properties":{"@id":"node/12260725620","amenity":"bench"},"geometry":{"type":"Point","coordinates":[85.8399614,20.2669431]}},{"type":"Feature","properties":{"@id":"node/12260730069","amenity":"bench"},"geometry":{"type":"Point","coordinates":[85.8323399,20.2678637]}},{"type":"Feature","properties":{"@id":"node/12270579128","access":"yes","amenity":"drinking_water","fee":"yes","wheelchair":"yes"},"geometry":{"type":"Point","coordinates":[85.785901,20.2616138]}},{"type":"Feature","properties":{"@id":"node/12271004138","amenity":"bank","atm":"yes","brand":"Indian Bank","brand:wikidata":"Q2003789","check_date":"2024-10-20","name":"Indian Bank"},"geometry":{"type":"Point","coordinates":[85.8437447,20.2761914]}},{"type":"Feature","properties":{"@id":"node/12271018325","amenity":"place_of_worship","check_date":"2024-10-20","religion":"hindu"},"geometry":{"type":"Point","coordinates":[85.8455708,20.2738175]}},{"type":"Feature","properties":{"@id":"node/12271018326","amenity":"bank","atm":"yes","brand":"Punjab National Bank","brand:wikidata":"Q2743499","check_date":"2024-10-20","name":"Punjab National Bank"},"geometry":{"type":"Point","coordinates":[85.8454272,20.2742235]}},{"type":"Feature","properties":{"@id":"node/12271019435","amenity":"events_venue","check_date":"2024-10-20","name":"Swati & Stutee Auditorium"},"geometry":{"type":"Point","coordinates":[85.8449588,20.273961]}},{"type":"Feature","properties":{"@id":"node/12271019436","amenity":"cinema","check_date":"2024-10-20","name":"Sriya Swati Stutee Cineplexx"},"geometry":{"type":"Point","coordinates":[85.8445567,20.2739456]}},{"type":"Feature","properties":{"@id":"node/12271070278","amenity":"ice_cream","brand":"Baskin-Robbins","brand:wikidata":"Q584601","check_date":"2024-10-20","cuisine":"ice_cream","name":"Baskin-Robbins"},"geometry":{"type":"Point","coordinates":[85.8439386,20.2767843]}},{"type":"Feature","properties":{"@id":"node/12271077121","amenity":"bank","brand":"ICICI Bank","brand:wikidata":"Q1653258","check_date":"2024-10-20","name":"ICICI Bank Bhubaneswar Main","short_name":"ICICI"},"geometry":{"type":"Point","coordinates":[85.8450129,20.2744247]}},{"type":"Feature","properties":{"@id":"node/12271083459","alt_name":"Kentucky Fried Chicken","alt_name:en":"Kentucky Fried Chicken","alt_name:hi":"केंटुकी फ्राइड चिकन","alt_name:pa":"ਕੈਂਟੁਕੀ ਫ੍ਰਾਈਡ ਚਿਕਨ","alt_name:pnb":"کینٹکی فرائیڈ چکن","alt_name:ur":"کینٹکی فرائیڈ چکن","amenity":"fast_food","brand":"KFC","brand:en":"KFC","brand:hi":"केएफसी","brand:pa":"ਕੇਐਫਸੀ","brand:pnb":"کے ایف سی","brand:ur":"کے ایف سی","brand:wikidata":"Q524757","check_date":"2024-10-20","cuisine":"chicken","name":"KFC","name:en":"KFC","name:hi":"केएफसी","name:pa":"ਕੇਐਫਸੀ","name:pnb":"کے ایف سی","name:ur":"کے ایف سی","takeaway":"yes"},"geometry":{"type":"Point","coordinates":[85.8438886,20.2768314]}},{"type":"Feature","properties":{"@id":"node/12271087543","amenity":"fuel","brand":"Hindustan Petroleum","brand:wikidata":"Q1619375","check_date":"2024-10-20","name":"HP","official_name":"Hindustan Petroleum"},"geometry":{"type":"Point","coordinates":[85.843827,20.2765837]}},{"type":"Feature","properties":{"@id":"node/12273004990","amenity":"atm","name":"SBI ecorner"},"geometry":{"type":"Point","coordinates":[85.8309993,20.2686083]}},{"type":"Feature","properties":{"@id":"node/12273016671","amenity":"fountain"},"geometry":{"type":"Point","coordinates":[85.8454904,20.272914]}},{"type":"Feature","properties":{"@id":"node/12273053844","amenity":"toilets"},"geometry":{"type":"Point","coordinates":[85.8313652,20.2684267]}},{"type":"Feature","properties":{"@id":"node/12280757984","amenity":"drinking_water","fee":"yes"},"geometry":{"type":"Point","coordinates":[85.7855635,20.2624648]}},{"type":"Feature","properties":{"@id":"node/12280757985","amenity":"bench"},"geometry":{"type":"Point","coordinates":[85.7856536,20.2629407]}},{"type":"Feature","properties":{"@id":"node/12280757986","amenity":"bench"},"geometry":{"type":"Point","coordinates":[85.7856584,20.2629397]}},{"type":"Feature","properties":{"@id":"node/12280757987","amenity":"bench"},"geometry":{"type":"Point","coordinates":[85.7856636,20.2629389]}},{"type":"Feature","properties":{"@id":"node/12280757988","amenity":"bench"},"geometry":{"type":"Point","coordinates":[85.7856662,20.2629387]}},{"type":"Feature","properties":{"@id":"node/12280757989","amenity":"bench"},"geometry":{"type":"Point","coordinates":[85.7856608,20.2629397]}},{"type":"Feature","properties":{"@id":"node/12280757990","amenity":"bench"},"geometry":{"type":"Point","coordinates":[85.7856559,20.2629406]}},{"type":"Feature","properties":{"@id":"node/12280757991","amenity":"bench"},"geometry":{"type":"Point","coordinates":[85.7855768,20.2629714]}},{"type":"Feature","properties":{"@id":"node/12280757992","amenity":"bench"},"geometry":{"type":"Point","coordinates":[85.7855791,20.2629713]}},{"type":"Feature","properties":{"@id":"node/12280757993","amenity":"bench"},"geometry":{"type":"Point","coordinates":[85.7855816,20.2629704]}},{"type":"Feature","properties":{"@id":"node/12280757994","amenity":"bench"},"geometry":{"type":"Point","coordinates":[85.785584,20.2629703]}},{"type":"Feature","properties":{"@id":"node/12280792248","amenity":"bench"},"geometry":{"type":"Point","coordinates":[85.786239,20.2631887]}},{"type":"Feature","properties":{"@id":"node/12292274058","amenity":"atm","brand":"State Bank of India","brand:wikidata":"Q1340361","cash_in":"no","check_date":"2024-10-26","currency:INR":"yes","drive_through":"no","name":"SBI ATM","network":"state bank of India","operator":"State Bank of India","operator:wikidata":"Q1340361","short_name":"SBI"},"geometry":{"type":"Point","coordinates":[85.8334328,20.2398276]}},{"type":"Feature","properties":{"@id":"node/12292274059","amenity":"atm","brand":"IDBI Bank","brand:wikidata":"Q3633485","check_date":"2024-10-26","name":"IDBI Bank ATM","operator":"IDBI Bank","operator:wikidata":"Q3633485","short_name":"IDBI"},"geometry":{"type":"Point","coordinates":[85.8324733,20.2462518]}},{"type":"Feature","properties":{"@id":"node/12292274061","amenity":"atm","brand":"State Bank of India","brand:wikidata":"Q1340361","check_date":"2024-10-26","name":"SBI ATM","network":"State Bank of India","operator":"State Bank of India","operator:wikidata":"Q1340361","short_name":"SBI"},"geometry":{"type":"Point","coordinates":[85.8350814,20.2499159]}},{"type":"Feature","properties":{"@id":"node/12295859896","addr:city":"Bhubaneswar","addr:district":"Khurda","addr:postcode":"751009","addr:street":"Forest Park","amenity":"pharmacy","brand":"Apollo Pharmacy","brand:wikidata":"Q62562612","healthcare":"pharmacy","level":"0","name":"Apollo Pharmacy","operator":"Appolo Pharmacies Pvt. Ltd."},"geometry":{"type":"Point","coordinates":[85.8243923,20.2561702]}},{"type":"Feature","properties":{"@id":"node/12295860052","addr:city":"Bhubaneswar","addr:district":"Khurda","addr:postcode":"751009","addr:street":"Forest Park","amenity":"bank","atm":"yes","branch":"Forest Park","brand":"HDFC Bank","brand:wikidata":"Q631047","level":"1","name":"HDFC Bank","short_name":"HDFC"},"geometry":{"type":"Point","coordinates":[85.8240611,20.2562896]}},{"type":"Feature","properties":{"@id":"node/12295879510","addr:city":"Bhubaneswar","addr:district":"Khurda","addr:postcode":"751009","addr:street":"Forest Park","amenity":"doctors","healthcare":"doctor","healthcare:speciality":"plastic_surgery","mobile":"+91-7873945666","name":"Dewdrops Aesthetic Center"},"geometry":{"type":"Point","coordinates":[85.8240536,20.2563262]}},{"type":"Feature","properties":{"@id":"node/12295899975","amenity":"bench"},"geometry":{"type":"Point","coordinates":[85.8433143,20.2749678]}},{"type":"Feature","properties":{"@id":"node/12295899981","amenity":"bench"},"geometry":{"type":"Point","coordinates":[85.8433736,20.2753687]}},{"type":"Feature","properties":{"@id":"node/12295899983","amenity":"bench"},"geometry":{"type":"Point","coordinates":[85.8434051,20.2754826]}},{"type":"Feature","properties":{"@id":"node/12295899994","amenity":"bench"},"geometry":{"type":"Point","coordinates":[85.84347,20.2757988]}},{"type":"Feature","properties":{"@id":"node/12295899995","amenity":"bench"},"geometry":{"type":"Point","coordinates":[85.843491,20.2759361]}},{"type":"Feature","properties":{"@id":"node/12296076040","amenity":"bench"},"geometry":{"type":"Point","coordinates":[85.8348645,20.2395145]}},{"type":"Feature","properties":{"@id":"node/12296076041","amenity":"bench"},"geometry":{"type":"Point","coordinates":[85.8348795,20.2395231]}},{"type":"Feature","properties":{"@id":"node/12296076046","amenity":"place_of_worship","name":"Mangaleswara Temple","religion":"hindu"},"geometry":{"type":"Point","coordinates":[85.8328008,20.2392414]}},{"type":"Feature","properties":{"@id":"node/12296076050","amenity":"bench"},"geometry":{"type":"Point","coordinates":[85.833025,20.2398844]}},{"type":"Feature","properties":{"@id":"node/12296076051","amenity":"bench"},"geometry":{"type":"Point","coordinates":[85.8329694,20.2399026]}},{"type":"Feature","properties":{"@id":"node/12296103537","amenity":"place_of_worship","religion":"hindu"},"geometry":{"type":"Point","coordinates":[85.8330036,20.2379373]}},{"type":"Feature","properties":{"@id":"node/12296103542","amenity":"place_of_worship","name":"Bhabani Shankar Temple","religion":"hindu"},"geometry":{"type":"Point","coordinates":[85.8346582,20.2397717]}},{"type":"Feature","properties":{"@id":"node/12307438824","addr:district":"Khordha","addr:full":"A-32, Unit-4 Unit-4 Bhubaneswar","addr:postcode":"751001","addr:state":"Odisha","addr:subdistrict":"Bhubaneswar","amenity":"clinic","healthcare":"clinic","name":"Kar Clinic And Hospital Pvt Ltd","source":"OpenGovernmentData"},"geometry":{"type":"Point","coordinates":[85.8333235,20.277265]}},{"type":"Feature","properties":{"@id":"node/12307438825","addr:district":"Khordha","addr:full":"CGHS, A.G.Colony, Unit-IV","addr:postcode":"751001","addr:state":"Odisha","addr:subdistrict":"Bhubaneswar","amenity":"clinic","health_facility:type":"dispensary","healthcare":"centre","name":"CGHS","source":"OpenGovernmentData","website":"http://nb.bsf.gov.in/CGHS%20DIspenseries.pdf"},"geometry":{"type":"Point","coordinates":[85.8293487,20.2794318]}},{"type":"Feature","properties":{"@id":"node/12334702101","amenity":"bicycle_repair_station","opening_hours":"Mo-Su 09:00-22:00"},"geometry":{"type":"Point","coordinates":[85.8572505,20.2887157]}},{"type":"Feature","properties":{"@id":"node/12343866096","addr:district":"Khordha","addr:full":"Kolathia, Khandagiri, Bhubaneswar","addr:postcode":"751030","addr:state":"Odisha","amenity":"dentist","healthcare":"dentist","name":"S N Dental Care","source":"local knowledge"},"geometry":{"type":"Point","coordinates":[85.779778,20.2560839]}},{"type":"Feature","properties":{"@id":"node/12443084003","addr:floor":"1","amenity":"bank","brand":"Axis Bank","brand:wikidata":"Q2003549","check_date":"2024-12-22","level":"1","name":"Axis Bank Bhubaneswar Branch","name:en":"Axis Bank Bhubaneswar Branch"},"geometry":{"type":"Point","coordinates":[85.8442397,20.27905]}},{"type":"Feature","properties":{"@id":"node/12551761128","amenity":"restaurant"},"geometry":{"type":"Point","coordinates":[85.8399883,20.2573362]}},{"type":"Feature","properties":{"@id":"node/13130957846","addr:city":"Bhubaneswar","addr:district":"Khordha","addr:housenumber":"610","addr:postcode":"751006","addr:street":"Cuttack - Puri Rd, Bomikhal, Laxmisagar","amenity":"restaurant","cuisine":"indian","diet:vegetarian":"yes","name":"Manomay-Kolkata’s Sweetest Side","phone":"097776 96666","website":"https://www.zomato.com/bhubaneswar/manomay-lakshmi-sagar-bhubaneshwar/order"},"geometry":{"type":"Point","coordinates":[85.854908,20.2798106]}},{"type":"Feature","properties":{"@id":"node/13392706101","addr:housenumber":"A/4, Plot No GA","addr:postcode":"751022","addr:street":"Sachivalaya Marg","amenity":"school","name":"Aakash Institute, Bhouma Nagar (Bhubaneswar)","opening_hours":"Mo-Su 10:00-19:30","phone":"088008 52494","website":"https://centers.aakash.ac.in/aakash-institute-bhouma-nagar-bhubaneswar-coaching-center-bhoinagar-bhubaneswar-99204/Home"},"geometry":{"type":"Point","coordinates":[85.80892,20.2721342]}},{"type":"Feature","properties":{"@id":"node/13518642210","amenity":"place_of_worship","name":"Tridandi Gaudiya math","religion":"vaishnavism"},"geometry":{"type":"Point","coordinates":[85.8327873,20.2340716]}},{"type":"Feature","properties":{"@id":"node/13564531203","amenity":"pharmacy","dispensing":"yes","healthcare":"pharmacy","name":"Ayurvedic medicine","organic":"yes"},"geometry":{"type":"Point","coordinates":[85.8362613,20.2524922]}},{"type":"Feature","properties":{"@id":"node/13672135400","addr:city":"Bhubaneswar","addr:district":"Khorda","addr:street":"Master Canteen Chowk","amenity":"cafe","cuisine":"coffee_shop","name":"Coffee corruption","opening_hours":"Mo-Su 09:00-21:00","outdoor_seating":"yes"},"geometry":{"type":"Point","coordinates":[85.8398785,20.2690534]}},{"type":"Feature","properties":{"@id":"node/13675190628","amenity":"place_of_worship","name":"DUrga maa mandir","religion":"hindu"},"geometry":{"type":"Point","coordinates":[85.8360294,20.2773651]}},{"type":"Feature","properties":{"@id":"node/13688200001","addr:postcode":"752100","addr:street":"Satyabhamapur","amenity":"school","email":"bjems2sbpur@rediffmail.com","internet_access":"wlan","name":"Buxi Jagabandhu English Medium School-II","opening_hours":"Mo-Fr 10:30-13:30","phone":"+91 7328828632;+91 9861127152;+91 9238103190","website":"https://www.bjemschool-ii.org/"},"geometry":{"type":"Point","coordinates":[85.896503,20.2465796]}},{"type":"Feature","properties":{"@id":"node/13688206501","amenity":"parking","name":"BJEM School Parking-Lot"},"geometry":{"type":"Point","coordinates":[85.8969607,20.2462435]}},{"type":"Feature","properties":{"@id":"node/13690701101","addr:housenumber":"M1 and M2","addr:postcode":"751010","addr:street":"Parthasarthi Lane","amenity":"school","contact:facebook":"srichaitanyaacademyofficial","contact:instagram":"srichaitanya_academy","email":"support@srichaitanyaacademy.net","internet_access":"wlan","name":"Sri Chaitanya Academy","opening_hours":"Mo-Sa 09:00-20:00","phone":"+91 70759 30111;+91 90783 84048","website":"http://srichaitanyaacademy.net"},"geometry":{"type":"Point","coordinates":[85.8343711,20.2849764]}},{"type":"Feature","properties":{"@id":"node/13701244316","addr:city":"Bhubaneswar","addr:district":"Khordha","amenity":"fuel","brand":"Indian Oil","brand:wikidata":"Q1289348","fuel:Petrol":"yes","fuel:diesel":"yes","name":"Pattnaik Gasoline"},"geometry":{"type":"Point","coordinates":[85.8448163,20.2623965]}},{"type":"Feature","properties":{"@id":"node/13701244317","amenity":"atm","brand":"State Bank of India","brand:wikidata":"Q1340361","currency:rupee":"yes","operator":"State Bank of India","operator:wikidata":"Q1340361"},"geometry":{"type":"Point","coordinates":[85.8448814,20.2623115]}},{"type":"Feature","properties":{"@id":"node/13701244318","addr:city":"Bhubneswar","addr:district":"Khordha","amenity":"fuel","brand":"Indian Oil","brand:wikidata":"Q1289348","fuel:Petrol":"yes","fuel:diesel":"yes","name":"Indian Oil"},"geometry":{"type":"Point","coordinates":[85.8516204,20.2749704]}},{"type":"Feature","properties":{"@id":"node/13703652001","addr:housenumber":"Ward No. 34","addr:postcode":"751010","addr:street":"Madhusudhan Nagar Road","amenity":"recycling","contact:facebook":"bmcbbsr","contact:instagram":"bmcbbsr","contact:twitter":"bmcbbsr","email":"info@bmc.gov.in","name":"Micro Composting Center (MCC), Bhubaneswar Municipal Corporation (BMC)","opening_hours":"Mo-Su 10:00-17:00","operator":"BMC","phone":"+91 674 2431253","recycling_type":"centre","website":"http://bmc.gov.in"},"geometry":{"type":"Point","coordinates":[85.8339375,20.2853125]}},{"type":"Feature","properties":{"@id":"node/13834378201","amenity":"cafe","name":"Cafe 16"},"geometry":{"type":"Point","coordinates":[85.8454393,20.280625]}},{"type":"Feature","properties":{"@id":"node/13955330488","addr:city":"Bhubaneswar","addr:district":"Khorda","addr:housenumber":"Plot no - 229,","addr:postcode":"752100","addr:street":"Bainchua Rd, Hirapur","amenity":"events_venue","contact:instagram":"https://www.instagram.com/uttsavlawns?igsh=MWVueHZoN2Z3eGsxeQ==","email":"uttsavlawns@gmail.com","internet_access":"wlan","mobile":"+91-7605911395","name":"Uttsav Lawns","opening_hours":"24/7"},"geometry":{"type":"Point","coordinates":[85.8713805,20.2302549]}},{"type":"Feature","properties":{"@id":"way/26754558","amenity":"school","name":"Capital High School"},"geometry":{"type":"Polygon","coordinates":[[[85.8414202,20.2810725],[85.83945,20.2813],[85.8393274,20.280008],[85.83932,20.27993],[85.83966,20.27988],[85.83957,20.27905],[85.83951,20.27849],[85.8410946,20.278325],[85.8412083,20.2791319],[85.8413141,20.2800401],[85.8414202,20.2810725]]]}},{"type":"Feature","properties":{"@id":"way/26754636","amenity":"place_of_worship","name":"Sri Ramakrishna Matha","religion":"hindu"},"geometry":{"type":"Polygon","coordinates":[[[85.8365025,20.2524388],[85.8390216,20.2517909],[85.8390002,20.250895],[85.8389161,20.249823],[85.836972,20.2503346],[85.8364416,20.2504221],[85.8365025,20.2524388]]]}},{"type":"Feature","properties":{"@id":"way/26754666","amenity":"school","name":"St. Josephs High School (Convent)"},"geometry":{"type":"Polygon","coordinates":[[[85.84236,20.28096],[85.8436721,20.2808313],[85.8435557,20.2790035],[85.8434523,20.2782396],[85.8432751,20.2781035],[85.8420827,20.2781895],[85.84236,20.28096]]]}},{"type":"Feature","properties":{"@id":"way/26754727","amenity":"college","name":"Rama Devi Womens College","wikidata":"Q7288633"},"geometry":{"type":"Polygon","coordinates":[[[85.842208,20.2929895],[85.8394366,20.2926139],[85.8398335,20.2899419],[85.8409151,20.2900759],[85.8410276,20.2893694],[85.8420547,20.2894655],[85.8423893,20.2895136],[85.8426527,20.2896037],[85.8424355,20.2914314],[85.842208,20.2929895]]]}},{"type":"Feature","properties":{"@id":"way/26754747","addr:postcode":"751022","addr:street":"Janpath RD, Bhoi Nagar","alt_name":"Central School","amenity":"school","contact:facebook":"kv.bbsr.3","contact:instagram":"kvno1bbsr","contact:twitter":"1Bhubaneswar","email":"kv1bbsrweb@gmail.com","internet_access":"wlan","name":"Kendriya Vidyalaya No. 1","opening_hours":"Mo-Sa 06:50-18:00","operator:wikidata":"Q6389082","phone":"06742392331;06742396776","website":"https://no1bhubaneswar.kvs.ac.in/"},"geometry":{"type":"Polygon","coordinates":[[[85.84234,20.28104],[85.84228,20.28237],[85.8436559,20.2822762],[85.84378,20.28091],[85.84234,20.28104]]]}},{"type":"Feature","properties":{"@id":"way/26754830","amenity":"community_centre"},"geometry":{"type":"Polygon","coordinates":[[[85.8317593,20.2668281],[85.8323168,20.2676619],[85.8312636,20.2683408],[85.8307284,20.2675447],[85.8317593,20.2668281]]]}},{"type":"Feature","properties":{"@id":"way/26754944","amenity":"school","name":"Bhartiya Vidyalaya"},"geometry":{"type":"Polygon","coordinates":[[[85.8414202,20.2810725],[85.8421308,20.2809972],[85.842218,20.2809548],[85.8421217,20.2799627],[85.8413141,20.2800401],[85.8414202,20.2810725]]]}},{"type":"Feature","properties":{"@id":"way/26764994","alt_name":"Buxi Jagabandhu Bidyadhar College","amenity":"college","name":"BJB College","wikidata":"Q5003242"},"geometry":{"type":"Polygon","coordinates":[[[85.8411072,20.2544501],[85.8411983,20.2540047],[85.8412119,20.2535636],[85.8412533,20.252218],[85.8431763,20.2522377],[85.8430996,20.253413],[85.8442927,20.2533727],[85.8442533,20.2544554],[85.8411072,20.2544501]]]}},{"type":"Feature","properties":{"@id":"way/90622189","amenity":"parking"},"geometry":{"type":"Polygon","coordinates":[[[85.8419932,20.2677058],[85.8417903,20.2673825],[85.8427171,20.2668831],[85.8429316,20.2672316],[85.8419932,20.2677058]]]}},{"type":"Feature","properties":{"@id":"way/225868292","amenity":"place_of_worship","historic":"archaeological_site","name":"Lord Lingaraj Temple","name:hi":"entrada para no-hindues prohibida","religion":"hindu","wikidata":"Q2365530"},"geometry":{"type":"Polygon","coordinates":[[[85.8345171,20.2383823],[85.8346343,20.2386941],[85.8337997,20.2389896],[85.8333083,20.2391579],[85.8332289,20.2391873],[85.832748,20.2380569],[85.8342017,20.2375435],[85.8343131,20.2378397],[85.8343934,20.2378131],[85.8345975,20.2383557],[85.8345171,20.2383823]]]}},{"type":"Feature","properties":{"@id":"way/230580613","amenity":"bus_station","bus":"yes","name":"Baramunda Bus Stand","name:or":"ବାବା ସାହେବ ଭୀମ ରାଓ ଆମ୍ବେଦକର ବସ୍ ଷ୍ଟାଣ୍ଡ","official_name":"Baba Saheb Bhimrao Ambedkar Bus Stand (BSABT), Baramunda","public_transport":"station"},"geometry":{"type":"Polygon","coordinates":[[[85.7930409,20.2741916],[85.7926761,20.2734091],[85.7938767,20.272609],[85.7936439,20.2718721],[85.7935018,20.2715264],[85.7925208,20.2718911],[85.7922013,20.2719247],[85.791949,20.2719973],[85.7918568,20.2721328],[85.7914852,20.2722183],[85.7915352,20.2723518],[85.7914634,20.2724268],[85.7914867,20.2726617],[85.7916215,20.2727027],[85.7916444,20.2728724],[85.7911083,20.2736602],[85.7911257,20.2740808],[85.7906863,20.2741375],[85.7906992,20.2745483],[85.7907311,20.2747326],[85.7908822,20.2751661],[85.7911026,20.2751311],[85.7918964,20.2748496],[85.7925162,20.2745677],[85.7927019,20.2744777],[85.7928291,20.2743891],[85.7930409,20.2741916]]]}},{"type":"Feature","properties":{"@id":"way/230783562","addr:postcode":"751003","amenity":"college","name":"SFTRI"},"geometry":{"type":"Polygon","coordinates":[[[85.7827819,20.2733417],[85.7828062,20.2729599],[85.7828201,20.2729165],[85.7828258,20.2728121],[85.7828169,20.2727761],[85.782832,20.272541],[85.7808436,20.2724884],[85.7806827,20.27352],[85.7814042,20.2736156],[85.7827031,20.2737446],[85.7826166,20.2733338],[85.7827819,20.2733417]]]}},{"type":"Feature","properties":{"@id":"way/230784857","addr:city":"Bhubaneshwar","addr:housename":"Techno Campus","addr:postcode":"751003","addr:street":"Ghatikia","alt_name":"CET","amenity":"university","name":"Odisha University Of Technology And Research","website":"https://www.cet.edu.in/"},"geometry":{"type":"Polygon","coordinates":[[[85.7794369,20.2725914],[85.7746357,20.2725538],[85.7741044,20.2783099],[85.7738579,20.2811733],[85.7746176,20.2812034],[85.7747535,20.2811328],[85.7750298,20.2810749],[85.7750968,20.2810674],[85.7751531,20.2810271],[85.7754806,20.2809116],[85.7755421,20.2809718],[85.7757971,20.280962],[85.7758213,20.2808739],[85.7763467,20.2808233],[85.776237,20.2814677],[85.776505,20.2815177],[85.7779618,20.2817433],[85.7780931,20.2809972],[85.7781358,20.2809793],[85.7782886,20.2809617],[85.778254,20.2808387],[85.7781092,20.2806022],[85.7794369,20.2725914]]]}},{"type":"Feature","properties":{"@id":"way/236359578","amenity":"hospital","healthcare":"hospital","name":"Manipal Hospital Bhubaneswar","website":"https://www.manipalhospitals.com/bhubaneswar/hospitals/"},"geometry":{"type":"Polygon","coordinates":[[[85.7764986,20.2598831],[85.7764767,20.2603753],[85.7767637,20.2604464],[85.7776786,20.2604946],[85.7784556,20.2605356],[85.7784868,20.2598309],[85.7764986,20.2598831]]]}},{"type":"Feature","properties":{"@id":"way/236816398","amenity":"fire_station","building":"yes"},"geometry":{"type":"Polygon","coordinates":[[[85.8137652,20.2542156],[85.8135076,20.2545443],[85.813548,20.2545722],[85.8135361,20.2545874],[85.8135795,20.2546173],[85.8135913,20.2546022],[85.8136317,20.2546301],[85.813848,20.2543541],[85.8138784,20.254375],[85.8139198,20.2543222],[85.8137652,20.2542156]]]}},{"type":"Feature","properties":{"@id":"way/236816400","amenity":"school"},"geometry":{"type":"Polygon","coordinates":[[[85.8358275,20.2511328],[85.8358784,20.252191],[85.8362942,20.2522055],[85.8363006,20.2518963],[85.8362942,20.251095],[85.8358275,20.2511328]]]}},{"type":"Feature","properties":{"@id":"way/236816401","access":"private","amenity":"parking","parking":"surface"},"geometry":{"type":"Polygon","coordinates":[[[85.8134718,20.2539583],[85.813751,20.254151],[85.8134309,20.2545593],[85.8135772,20.2546603],[85.813531,20.2547191],[85.8131056,20.2544255],[85.8132329,20.2542631],[85.8134718,20.2539583]]]}},{"type":"Feature","properties":{"@id":"way/237062939","amenity":"place_of_worship","name":"ISKCON Temple","religion":"hindu"},"geometry":{"type":"Polygon","coordinates":[[[85.8129261,20.2891721],[85.8133117,20.2894208],[85.8137779,20.2888596],[85.8133336,20.2885873],[85.8129261,20.2891721]]]}},{"type":"Feature","properties":{"@id":"way/237071014","amenity":"parking"},"geometry":{"type":"Polygon","coordinates":[[[85.7827699,20.272914],[85.7828201,20.2729165],[85.7828258,20.2728121],[85.7827757,20.2728097],[85.7827699,20.272914]]]}},{"type":"Feature","properties":{"@id":"way/246424849","amenity":"place_of_worship","name":"Mahabir Temple","religion":"hindu","source":"Bing"},"geometry":{"type":"Polygon","coordinates":[[[85.7755126,20.2724192],[85.7752904,20.2724055],[85.775285,20.2723828],[85.7750435,20.2723799],[85.7747002,20.2724428],[85.7746975,20.2725158],[85.775513,20.2725388],[85.7755126,20.2724192]]]}},{"type":"Feature","properties":{"@id":"way/252237191","amenity":"bus_station","bus":"yes","name":"Khandagiri Bus Stand","name:or":"ଖଣ୍ଡଗିରି ବସ୍ ଷ୍ଟାଣ୍ଡ","public_transport":"station"},"geometry":{"type":"Polygon","coordinates":[[[85.7849368,20.2653815],[85.784869,20.2655763],[85.7850189,20.265589],[85.7850859,20.2655418],[85.7852448,20.2655526],[85.7852398,20.2656046],[85.7864762,20.2656897],[85.7866412,20.2657003],[85.7871365,20.265721],[85.7876362,20.265713],[85.7876871,20.2655438],[85.7872741,20.265301],[85.7868905,20.2652701],[85.7864855,20.2652695],[85.7854771,20.2652376],[85.785005,20.2652016],[85.7849368,20.2653815]]]}},{"type":"Feature","properties":{"@id":"way/279091476","amenity":"marketplace","landuse":"retail"},"geometry":{"type":"Polygon","coordinates":[[[85.8341002,20.2632239],[85.8331273,20.2619717],[85.8314717,20.263098],[85.8317727,20.2634713],[85.8313778,20.2637623],[85.8321315,20.2646254],[85.8341002,20.2632239]]]}},{"type":"Feature","properties":{"@id":"way/289331732","amenity":"parking","name":"Two-wheeler parking","parking":"surface"},"geometry":{"type":"Polygon","coordinates":[[[85.8432036,20.2675075],[85.8422595,20.2680096],[85.842434,20.26827],[85.8433792,20.2677731],[85.8432036,20.2675075]]]}},{"type":"Feature","properties":{"@id":"way/289993444","amenity":"college","name":"city women's college"},"geometry":{"type":"Polygon","coordinates":[[[85.8068877,20.2697871],[85.8075976,20.2697345],[85.8071773,20.2702821],[85.8068756,20.2705388],[85.8065562,20.2702952],[85.8068877,20.2697871]]]}},{"type":"Feature","properties":{"@id":"way/292442922","amenity":"fuel","brand":"Bharat Petroleum","brand:wikidata":"Q854826","name":"Bharat Petroleum"},"geometry":{"type":"Polygon","coordinates":[[[85.787054,20.2552118],[85.7875569,20.2549997],[85.7873888,20.2546569],[85.7868661,20.2548816],[85.787054,20.2552118]]]}},{"type":"Feature","properties":{"@id":"way/305226386","amenity":"police","building":"yes","name":"Khandagiri P.S."},"geometry":{"type":"Polygon","coordinates":[[[85.789836,20.2594304],[85.7898588,20.2594962],[85.7899764,20.2594851],[85.7899982,20.2596001],[85.7898786,20.2596242],[85.7898271,20.2595277],[85.7897916,20.2594452],[85.789836,20.2594304]]]}},{"type":"Feature","properties":{"@id":"way/305234015","amenity":"place_of_worship","building":"yes","name":"Ram Mandir","religion":"hindu"},"geometry":{"type":"Polygon","coordinates":[[[85.8426238,20.2779388],[85.8434316,20.2778265],[85.8433368,20.2771547],[85.8425108,20.2772434],[85.8426238,20.2779388]]]}},{"type":"Feature","properties":{"@id":"way/305234644","addr:city":"Bhubaneswar","addr:housenumber":"Dalma Hotel","addr:postcode":"751022","amenity":"restaurant","building":"yes","capacity":"100","smoking":"no"},"geometry":{"type":"Polygon","coordinates":[[[85.8347792,20.2838661],[85.8345708,20.2839089],[85.8346294,20.2841044],[85.8347987,20.2840616],[85.8347792,20.2838661]]]}},{"type":"Feature","properties":{"@id":"way/315236390","access":"yes","amenity":"parking","parking":"surface"},"geometry":{"type":"Polygon","coordinates":[[[85.8167638,20.2560134],[85.8173941,20.2564449],[85.8184683,20.2550924],[85.817834,20.2546426],[85.8167638,20.2560134]]]}},{"type":"Feature","properties":{"@id":"way/329884911","amenity":"college","name":"CAC Institute"},"geometry":{"type":"Polygon","coordinates":[[[85.8075065,20.2840198],[85.807676,20.2837671],[85.8082583,20.2841107],[85.8080889,20.2843633],[85.8075065,20.2840198]]]}},{"type":"Feature","properties":{"@id":"way/340644738","addr:district":"Khordha","addr:full":"Capital Hospital Bbsr","addr:postcode":"751001","addr:state":"Odisha","amenity":"hospital","email":"info@capitalhospital.in","name":"Capital Hospital (Bhubaneswar)","phone":"0674-2391983","source":"OpenGovernmentData","website":"http://capitalhospital.nic.in/"},"geometry":{"type":"Polygon","coordinates":[[[85.8226012,20.2609314],[85.8235898,20.2602631],[85.8228711,20.2593179],[85.8218354,20.2600098],[85.8226012,20.2609314]]]}},{"type":"Feature","properties":{"@id":"way/364407160","amenity":"place_of_worship","building":"yes","name":"Yameswar Temple","name_alt":"Yameshwar Temple","religion":"hindu","wikidata":"Q3517635","wikipedia":"en:Yameshwar Temple"},"geometry":{"type":"Polygon","coordinates":[[[85.8312455,20.2402532],[85.8312987,20.2405286],[85.8318238,20.2404394],[85.8317707,20.240164],[85.8312455,20.2402532]]]}},{"type":"Feature","properties":{"@id":"way/364407165","amenity":"place_of_worship","building":"yes","religion":"hindu"},"geometry":{"type":"Polygon","coordinates":[[[85.8340984,20.2381738],[85.8336493,20.2383384],[85.8336456,20.2383293],[85.8334681,20.2383944],[85.833541,20.2385694],[85.8337159,20.2385052],[85.8337086,20.2384879],[85.8341602,20.2383223],[85.8340984,20.2381738]]]}},{"type":"Feature","properties":{"@id":"way/459233424","amenity":"place_of_worship","barrier":"wall","historic":"monument","landuse":"grass","leisure":"park","name":"Brahmeswar Temple","religion":"hindu"},"geometry":{"type":"Polygon","coordinates":[[[85.8516526,20.2403195],[85.8516875,20.240322],[85.8516687,20.2401056],[85.8520361,20.2400477],[85.852476,20.2399848],[85.8524304,20.2396728],[85.8521434,20.2396904],[85.8522105,20.2390587],[85.8512905,20.2389958],[85.8512731,20.2393201],[85.8514313,20.239992],[85.8515694,20.2401962],[85.8516526,20.2403195]]]}},{"type":"Feature","properties":{"@id":"way/459233997","amenity":"place_of_worship","barrier":"wall","landuse":"grass","leisure":"park","name":"Bhaskaraswar temple","religion":"hindu"},"geometry":{"type":"Polygon","coordinates":[[[85.852457,20.2452269],[85.8521075,20.2440602],[85.8523443,20.2440377],[85.853734,20.2439585],[85.853746,20.2451207],[85.852457,20.2452269]]]}},{"type":"Feature","properties":{"@id":"way/463846743","amenity":"marketplace","building":"yes","name":"New Market Complex"},"geometry":{"type":"Polygon","coordinates":[[[85.8313329,20.276788],[85.8313895,20.2769523],[85.8314036,20.2769756],[85.8314373,20.2769872],[85.8314797,20.2770005],[85.8321451,20.2769839],[85.832138,20.27671],[85.8321203,20.2766585],[85.8320849,20.2766154],[85.832046,20.2765872],[85.8320053,20.2765755],[85.8319646,20.2765739],[85.8319204,20.2765772],[85.8313329,20.276788]]]}},{"type":"Feature","properties":{"@id":"way/463847530","amenity":"marketplace","building":"yes","name":"Gol Market"},"geometry":{"type":"Polygon","coordinates":[[[85.8314053,20.2779263],[85.8314035,20.2779662],[85.8314106,20.2780093],[85.8314371,20.2780625],[85.831469,20.278099],[85.8315132,20.2781322],[85.8315522,20.2781504],[85.8316141,20.2781587],[85.8316583,20.2781571],[85.8317097,20.2781338],[85.8317486,20.2781106],[85.8317769,20.2780741],[85.831807,20.2780176],[85.8318141,20.2779778],[85.8318123,20.2779114],[85.8317911,20.2778633],[85.8317628,20.2778251],[85.8317221,20.2777952],[85.8316743,20.2777753],[85.83163,20.277767],[85.8315734,20.277767],[85.8315203,20.2777819],[85.8314708,20.2778184],[85.8314318,20.2778533],[85.8314106,20.2778931],[85.8314053,20.2779263]]]}},{"type":"Feature","properties":{"@id":"way/465570424","amenity":"school","name":"Unit-4 Girls High School"},"geometry":{"type":"Polygon","coordinates":[[[85.8279861,20.2836569],[85.8280145,20.2830239],[85.8285512,20.2829857],[85.8285186,20.2832107],[85.8297789,20.2835844],[85.8297282,20.2837889],[85.829657,20.2840763],[85.8279861,20.2836569]]]}},{"type":"Feature","properties":{"@id":"way/465594563","amenity":"school","name":"Unit - I Schooling Complex"},"geometry":{"type":"Polygon","coordinates":[[[85.8310206,20.2620584],[85.8307833,20.2622289],[85.8306878,20.2622751],[85.830617,20.262304],[85.8305215,20.2623069],[85.830429,20.262304],[85.8303428,20.2622722],[85.8302503,20.2621884],[85.8286593,20.2602123],[85.8289397,20.2600418],[85.8290876,20.2599637],[85.829371,20.2598452],[85.8296298,20.2597614],[85.8298917,20.2597007],[85.8301567,20.2596776],[85.8304617,20.2596718],[85.8308099,20.2596949],[85.831158,20.2597527],[85.8315278,20.2598712],[85.8319042,20.2600172],[85.8321908,20.2601666],[85.8324351,20.2603492],[85.8326134,20.2604863],[85.8328726,20.2607711],[85.8310206,20.2620584]]]}},{"type":"Feature","properties":{"@id":"way/465599389","amenity":"school"},"geometry":{"type":"Polygon","coordinates":[[[85.8188998,20.2624494],[85.8199687,20.2631932],[85.8201739,20.262984],[85.8211069,20.2625445],[85.8200346,20.2612976],[85.8188998,20.2624494]]]}},{"type":"Feature","properties":{"@id":"way/478822821","amenity":"prison","name":"Jharpada Special Jail"},"geometry":{"type":"Polygon","coordinates":[[[85.8553973,20.2747186],[85.8552186,20.2735307],[85.8553634,20.2734151],[85.8574092,20.273129],[85.8574677,20.2735972],[85.8576279,20.2735741],[85.8577296,20.2740885],[85.8564005,20.2744659],[85.8563899,20.274436],[85.8553973,20.2747186]]]}},{"type":"Feature","properties":{"@id":"way/489291799","amenity":"place_of_worship","building":"yes","name":"Chitrakarini Temple","religion":"hindu","wikidata":"Q60400566","wikipedia":"or:ଚିତ୍ରକାରିଣୀ ମନ୍ଦିର"},"geometry":{"type":"Polygon","coordinates":[[[85.8334583,20.2395591],[85.8333083,20.2391579],[85.8337997,20.2389896],[85.8339113,20.2392875],[85.8334583,20.2395591]]]}},{"type":"Feature","properties":{"@id":"way/490263013","amenity":"fire_station","building":"yes","name":"Baramunda Fire Station"},"geometry":{"type":"Polygon","coordinates":[[[85.7990567,20.2789582],[85.7991221,20.2788704],[85.7995451,20.2791473],[85.7994821,20.2792387],[85.7990567,20.2789582]]]}},{"type":"Feature","properties":{"@id":"way/490263014","amenity":"college","name":"Rajdhani College"},"geometry":{"type":"Polygon","coordinates":[[[85.7973425,20.2775005],[85.7965299,20.2765105],[85.7968708,20.276309],[85.7965672,20.2757833],[85.7969362,20.2756256],[85.7970809,20.275446],[85.7975246,20.2757964],[85.7979823,20.2753233],[85.7988182,20.2760374],[85.7990237,20.2762345],[85.798496,20.2766025],[85.7977814,20.2771851],[85.7973425,20.2775005]]]}},{"type":"Feature","properties":{"@id":"way/490263015","amenity":"studio","name":"Kalinga Studio"},"geometry":{"type":"Polygon","coordinates":[[[85.7769621,20.2871543],[85.7773404,20.2849335],[85.7785409,20.2851426],[85.7786518,20.2851655],[85.7788217,20.2851956],[85.7788833,20.2852065],[85.78145,20.2856606],[85.7811465,20.287715],[85.7780316,20.2875135],[85.7769621,20.2871543]]]}},{"type":"Feature","properties":{"@id":"way/490265841","addr:district":"Khordha","addr:full":"Sijua Patrapada, Bhubaneshwar","addr:postcode":"751019","addr:state":"Odisha","addr:subdistrict":"Bhubaneswar","amenity":"hospital","name":"AIIMS, Bhubaneswar","source":"OpenGovernmentData","website":"www.aiimsbhubaneswar.edu.in"},"geometry":{"type":"Polygon","coordinates":[[[85.7699374,20.2311458],[85.7710005,20.2310638],[85.7710656,20.2310676],[85.77184,20.2312564],[85.772147,20.2313289],[85.7721876,20.2313232],[85.7722547,20.2312564],[85.7726714,20.2308807],[85.7729601,20.2306175],[85.7730516,20.2305793],[85.7731817,20.2305297],[85.773143,20.2304591],[85.773946,20.2300128],[85.7751636,20.2293758],[85.7756618,20.2291231],[85.776142,20.230134],[85.7771329,20.2297388],[85.777816,20.2295561],[85.7778691,20.2304694],[85.777908,20.2310439],[85.7781996,20.2326271],[85.7767401,20.2327906],[85.7745387,20.2329866],[85.7707376,20.2333851],[85.7699374,20.2311458]]]}},{"type":"Feature","properties":{"@id":"way/490266389","amenity":"college","name":"Central Horticultural Experimental Station (IIHR)"},"geometry":{"type":"Polygon","coordinates":[[[85.777351,20.2439287],[85.7782692,20.2441022],[85.7794585,20.2443681],[85.7799637,20.2445473],[85.780734,20.2449636],[85.7815194,20.2455058],[85.7835765,20.244125],[85.783024,20.243324],[85.7823802,20.2424256],[85.7822327,20.242106],[85.7834075,20.2410264],[85.7840647,20.2404048],[85.7858009,20.2402519],[85.7856063,20.2388572],[85.7854576,20.2379175],[85.7832244,20.2379274],[85.7805841,20.2393155],[85.7803364,20.2394483],[85.7792311,20.2411132],[85.777351,20.2439287]]]}},{"type":"Feature","properties":{"@id":"way/491040107","amenity":"university","name":"Institute of Technical Education & Research (SOA University)"},"geometry":{"type":"Polygon","coordinates":[[[85.7997408,20.2481051],[85.7997023,20.2481557],[85.7996961,20.2481832],[85.7997084,20.2482381],[85.7997531,20.2483089],[85.7997793,20.2483378],[85.7997916,20.2483667],[85.7997993,20.2484245],[85.7998024,20.2485243],[85.7997901,20.2485503],[85.7999103,20.2486312],[85.799958,20.2486457],[85.8001044,20.2486847],[85.8001228,20.2486919],[85.8001706,20.2487382],[85.8002091,20.2487844],[85.800243,20.2488842],[85.8002384,20.2489203],[85.800206,20.2490012],[85.8001305,20.2491385],[85.8000366,20.2492426],[85.7999981,20.2492614],[85.7999703,20.2492643],[85.7999395,20.2492686],[85.7996496,20.2496437],[85.7996636,20.2498935],[85.799827,20.2499745],[85.7998766,20.2502575],[85.8001527,20.2502664],[85.8001611,20.2506862],[85.8006683,20.2506779],[85.8006613,20.2504963],[85.801125,20.2505023],[85.8010813,20.2499337],[85.8010555,20.2495845],[85.8018571,20.2495201],[85.8018495,20.249246],[85.8018896,20.2490528],[85.80199,20.2489542],[85.8020181,20.2488907],[85.8021465,20.248814],[85.8022305,20.2487987],[85.8022796,20.2488031],[85.8023706,20.2487549],[85.8024329,20.2486953],[85.802439,20.2486794],[85.8024806,20.2486433],[85.8024868,20.2485551],[85.8025084,20.2485002],[85.8025438,20.2484742],[85.8027256,20.2484178],[85.8028134,20.248399],[85.8028519,20.2483557],[85.8028581,20.2483296],[85.8028427,20.2482588],[85.8027887,20.2480854],[85.8027718,20.2480391],[85.8027487,20.2480334],[85.8026917,20.2480449],[85.8026208,20.2480507],[85.80257,20.2480493],[85.8025176,20.2480146],[85.8023974,20.2478137],[85.8023173,20.2476735],[85.8022973,20.2476055],[85.8022542,20.2475419],[85.8022234,20.2474986],[85.8021926,20.2474653],[85.8021571,20.247448],[85.8021433,20.2474148],[85.8021109,20.2473295],[85.8021094,20.2472818],[85.8021325,20.2472326],[85.8021556,20.2472037],[85.8021833,20.2471777],[85.8022295,20.2471604],[85.8023481,20.2471358],[85.8023913,20.2471098],[85.8024236,20.2470621],[85.8024452,20.247013],[85.8024745,20.2469176],[85.8024791,20.246786],[85.8024776,20.246721],[85.8024899,20.2466906],[85.8025222,20.2466473],[85.8026609,20.246601],[85.802704,20.2465721],[85.8027394,20.2465259],[85.802855,20.2463452],[85.8028534,20.2463018],[85.8028118,20.2462021],[85.8028072,20.2460995],[85.8028026,20.2459579],[85.8028226,20.245874],[85.8028473,20.245809],[85.8028534,20.2457497],[85.8028642,20.2457136],[85.8028488,20.2456298],[85.802855,20.2454881],[85.8028796,20.2452771],[85.8028565,20.2452496],[85.8027518,20.2452496],[85.8026886,20.2451918],[85.8026516,20.2451326],[85.8026224,20.2450617],[85.8025746,20.2449837],[85.8025346,20.244949],[85.8024668,20.2449259],[85.8024283,20.2449721],[85.8023404,20.2450704],[85.8022526,20.2451326],[85.8021694,20.245199],[85.8021217,20.2453277],[85.8020847,20.2454144],[85.8020092,20.2454462],[85.8018983,20.2454476],[85.801792,20.2454187],[85.801735,20.245332],[85.8016826,20.2453118],[85.8015009,20.2453103],[85.8014485,20.2453248],[85.8013945,20.2454935],[85.8013498,20.2456728],[85.8013701,20.2458254],[85.8014351,20.2460047],[85.8014311,20.2460695],[85.8013416,20.246142],[85.8011383,20.2461992],[85.8010123,20.2461801],[85.8009595,20.2461877],[85.8009147,20.2462755],[85.8008578,20.2463746],[85.8008253,20.246409],[85.8006911,20.2464395],[85.800557,20.2464547],[85.8005995,20.2466467],[85.8002711,20.2467999],[85.8004119,20.2469185],[85.8001895,20.2471074],[85.7998696,20.2480135],[85.7998005,20.2480669],[85.7997408,20.2481051]]]}},{"type":"Feature","properties":{"@id":"way/585873952","addr:district":"Khordha","addr:full":"A.G.Colony, Unit 4, Bhauma Nagar, Bhubaneswar","addr:postcode":"751001","addr:state":"Odisha","amenity":"hospital","check_date":"2023-12-22","emergency":"yes","healthcare":"hospital","healthcare:speciality":"general;paediatrics;gynaecology;emergency","internet_access":"no","name":"Unit-4 Govt. Hospital","operator":"BMC","operator:type":"public","source":"OpenGovernmentData","wheelchair":"yes"},"geometry":{"type":"Polygon","coordinates":[[[85.8269299,20.2803811],[85.8268421,20.2795762],[85.8274321,20.2793891],[85.8275322,20.2803414],[85.8269299,20.2803811]]]}},{"type":"Feature","properties":{"@id":"way/678570072","amenity":"place_of_worship","building":"yes","name":"Shiridi Sai Temple","name:or":"ଶିରିଡ଼ି ସାଇ ମନ୍ଦିର"},"geometry":{"type":"Polygon","coordinates":[[[85.8606137,20.2431378],[85.8609057,20.2430763],[85.8607676,20.2424571],[85.8604757,20.2425334],[85.8606137,20.2431378]]]}},{"type":"Feature","properties":{"@id":"way/682853455","amenity":"place_of_worship","building":"yes","name":"Baya Baba Math","religion":"hindu"},"geometry":{"type":"Polygon","coordinates":[[[85.8419137,20.2871891],[85.8419231,20.2870835],[85.8419325,20.2869778],[85.842249,20.287003],[85.8422034,20.2873124],[85.8418976,20.2872696],[85.8419137,20.2871891]]]}},{"type":"Feature","properties":{"@id":"way/706616365","addr:city":"bhubaneswar","addr:postcode":"751002","amenity":"bank","building":"yes","name":"karur bank"},"geometry":{"type":"Polygon","coordinates":[[[85.8393888,20.2623167],[85.8395797,20.2621838],[85.8394756,20.2620617],[85.8393021,20.2621946],[85.8393888,20.2623167]]]}},{"type":"Feature","properties":{"@id":"way/706616366","amenity":"place_of_worship","building":"yes","name":"shree charan hotel"},"geometry":{"type":"Polygon","coordinates":[[[85.8388226,20.2626513],[85.8389349,20.2625587],[85.8388359,20.262421],[85.8387086,20.2625205],[85.8388226,20.2626513]]]}},{"type":"Feature","properties":{"@id":"way/746487513","amenity":"place_of_worship","name":"Kapilesvara Temple","religion":"hindu","wikidata":"Q15723826"},"geometry":{"type":"Polygon","coordinates":[[[85.8272284,20.2287982],[85.8272928,20.2293468],[85.8277716,20.2292776],[85.8278131,20.2287906],[85.8272284,20.2287982]]]}},{"type":"Feature","properties":{"@id":"way/746487567","amenity":"marketplace","landuse":"retail","name":"Market Building"},"geometry":{"type":"Polygon","coordinates":[[[85.833022,20.2657249],[85.8354823,20.2639976],[85.8348751,20.2631734],[85.8323809,20.2649474],[85.8327801,20.2654316],[85.833022,20.2657249]]]}},{"type":"Feature","properties":{"@id":"way/746538688","amenity":"place_of_worship","religion":"hindu"},"geometry":{"type":"Polygon","coordinates":[[[85.8267751,20.2710615],[85.8269629,20.2713157],[85.8272901,20.271137],[85.8271238,20.2708527],[85.8267751,20.2710615]]]}},{"type":"Feature","properties":{"@id":"way/746538691","amenity":"library","name":"State Library"},"geometry":{"type":"Polygon","coordinates":[[[85.8333372,20.2759141],[85.8331148,20.2751085],[85.83414,20.2748433],[85.8343621,20.2756491],[85.8333372,20.2759141]]]}},{"type":"Feature","properties":{"@id":"way/746538692","amenity":"university","name":"Utkala Sangita Mahavidyalaya"},"geometry":{"type":"Polygon","coordinates":[[[85.8337364,20.2736535],[85.8339339,20.2741689],[85.83414,20.2748433],[85.8331148,20.2751085],[85.8327102,20.2739779],[85.8337364,20.2736535]]]}},{"type":"Feature","properties":{"@id":"way/746538694","amenity":"place_of_worship","religion":"hindu"},"geometry":{"type":"Polygon","coordinates":[[[85.8410946,20.278325],[85.8419055,20.2782272],[85.8419564,20.2782649],[85.8420641,20.2790194],[85.8412083,20.2791319],[85.8410946,20.278325]]]}},{"type":"Feature","properties":{"@id":"way/746538695","amenity":"theatre","name":"Rabindra Mandap"},"geometry":{"type":"Polygon","coordinates":[[[85.8327102,20.2739779],[85.832448,20.2732631],[85.8324641,20.2731977],[85.8331507,20.272936],[85.8332956,20.272926],[85.8334351,20.2729612],[85.8335155,20.2730769],[85.8337364,20.2736535],[85.8327102,20.2739779]]]}},{"type":"Feature","properties":{"@id":"way/746538700","amenity":"bus_station","bus":"yes","public_transport":"station"},"geometry":{"type":"Polygon","coordinates":[[[85.842171,20.2662281],[85.8413459,20.2666974],[85.8412376,20.266759],[85.8416158,20.2673528],[85.8425412,20.2668521],[85.8424661,20.2667212],[85.8425921,20.2666483],[85.8423185,20.2661752],[85.842171,20.2662281]]]}},{"type":"Feature","properties":{"@id":"way/746542535","amenity":"place_of_worship","religion":"hindu"},"geometry":{"type":"Polygon","coordinates":[[[85.7756335,20.2353039],[85.7749817,20.235324],[85.7749736,20.2353819],[85.7747483,20.2355002],[85.7746947,20.2354926],[85.7745847,20.2345489],[85.775443,20.2344558],[85.7755583,20.2347452],[85.7756335,20.2353039]]]}},{"type":"Feature","properties":{"@id":"way/758839774","addr:district":"Khordha","addr:full":"CGHS, A.G.Colony, Unit-IV","addr:postcode":"751001","addr:state":"Odisha","addr:subdistrict":"Bhubaneswar","amenity":"clinic","building":"hospital","health_facility:type":"dispensary","healthcare":"centre","name":"CGHS","source":"OpenGovernmentData","website":"http://nb.bsf.gov.in/CGHS%20DIspenseries.pdf"},"geometry":{"type":"Polygon","coordinates":[[[85.829296,20.2792011],[85.8293046,20.2795653],[85.8294097,20.2795631],[85.8294011,20.2791989],[85.829296,20.2792011]]]}},{"type":"Feature","properties":{"@id":"way/758865853","addr:district":"Khordha","addr:full":"A-32, Unit-4 Unit-4 Bhubaneswar","addr:postcode":"751001","addr:state":"Odisha","amenity":"clinic","building":"yes","healthcare":"clinic","name":"Kar Clinic And Hospital Pvt Ltd","source":"OpenGovernmentData"},"geometry":{"type":"Polygon","coordinates":[[[85.833409,20.277162],[85.8332017,20.2772178],[85.8332402,20.2773435],[85.8334475,20.2772877],[85.833409,20.277162]]]}},{"type":"Feature","properties":{"@id":"way/825729524","addr:district":"Khordha","addr:full":"Khandagiri, Bhubaneswar","addr:postcode":"751030","addr:state":"Odisha","amenity":"dentist","building":"healthcare","healthcare":"dentist","name":"Innovative Smile Dental Clinic"},"geometry":{"type":"Polygon","coordinates":[[[85.7862082,20.2576501],[85.7863186,20.2579016],[85.7864326,20.2578576],[85.7863222,20.257606],[85.7862082,20.2576501]]]}},{"type":"Feature","properties":{"@id":"way/825729553","addr:district":"Khordha","addr:full":"Kolathia, Khandagiri, Bhubaneswar","addr:postcode":"751030","addr:state":"Odisha","amenity":"dentist","building":"healthcare","healthcare":"dentist","name":"S N Dental Care"},"geometry":{"type":"Polygon","coordinates":[[[85.7796863,20.2560964],[85.7798385,20.2561551],[85.7798787,20.2560632],[85.7797265,20.2560046],[85.7796863,20.2560964]]]}},{"type":"Feature","properties":{"@id":"way/825729561","addr:district":"Khordha","addr:full":"92-Dumuduma, Khandagiri Square, Bhubaneswar","addr:postcode":"751030","addr:state":"Odisha","amenity":"clinic","building":"healthcare","healthcare":"clinic","name":"Hillside Nursing Home"},"geometry":{"type":"Polygon","coordinates":[[[85.7877875,20.2540295],[85.7878354,20.2540284],[85.7878373,20.2541028],[85.787946,20.2541004],[85.7879432,20.2539933],[85.7879684,20.2539928],[85.7879653,20.2538746],[85.7878928,20.2538762],[85.7878918,20.2538388],[85.7878223,20.2538404],[85.787823,20.2538693],[85.7877834,20.2538702],[85.7877875,20.2540295]]]}},{"type":"Feature","properties":{"@id":"way/857738245","addr:housenumber":"52","addr:street":"near Dalma lane, Old Ag Colony, Unit 4, Madhusudan Nagar","amenity":"restaurant","building":"yes","cuisine":"chicken;barbecue;chinese;sandwich","diet:non-vegetarian":"yes","diet:vegetarian":"yes","name":"Oishi Fresh | Fastfood Restaurant | Bhubaneswar","opening_hours":"Mo-Su 18:00-22:00","phone":"+917735707815","website":"https://oishi-fresh.business.site"},"geometry":{"type":"Polygon","coordinates":[[[85.8329784,20.2838308],[85.8330284,20.2838302],[85.8330278,20.28378],[85.8329784,20.28378],[85.8329784,20.2838308]]]}},{"type":"Feature","properties":{"@id":"way/896085790","amenity":"parking","parking":"surface"},"geometry":{"type":"Polygon","coordinates":[[[85.8169921,20.2537779],[85.8182334,20.2546719],[85.8183234,20.2545618],[85.8179542,20.2542959],[85.8170822,20.2536678],[85.8169921,20.2537779]]]}},{"type":"Feature","properties":{"@id":"way/896085791","amenity":"parking","parking":"surface"},"geometry":{"type":"Polygon","coordinates":[[[85.8177723,20.253726],[85.8177911,20.2537877],[85.8183637,20.2542054],[85.8190088,20.253409],[85.8184147,20.2529975],[85.8182739,20.2531535],[85.8182269,20.2531233],[85.818125,20.2532529],[85.817842,20.2536707],[85.8177723,20.253726]]]}},{"type":"Feature","properties":{"@id":"way/961814337","amenity":"place_of_worship","building":"yes","name":"Raghvendra Swamy Temple","religion":"hindu"},"geometry":{"type":"Polygon","coordinates":[[[85.8408412,20.287157],[85.8412998,20.2872124],[85.8413629,20.286625],[85.8408103,20.2866237],[85.8408412,20.287157]]]}},{"type":"Feature","properties":{"@id":"way/1043464922","amenity":"conference_centre","building":"college","building:levels":"4","layer":"1","name":"Bansuri Guru Auditorium"},"geometry":{"type":"Polygon","coordinates":[[[85.8018007,20.2494856],[85.8018033,20.2493384],[85.8017828,20.2493],[85.8017478,20.2492257],[85.8016359,20.2488724],[85.8014509,20.2489179],[85.8014898,20.2490431],[85.8015347,20.2490318],[85.8016174,20.2492841],[85.8016377,20.2493324],[85.8016231,20.2493311],[85.8016214,20.2493952],[85.8016386,20.2493957],[85.8016414,20.249512],[85.8017203,20.2495054],[85.8017178,20.2494871],[85.8018007,20.2494856]]]}},{"type":"Feature","properties":{"@id":"way/1043464923","amenity":"fast_food","building":"college","fast_food":"cafeteria","name":"ITER Cafeteria"},"geometry":{"type":"Polygon","coordinates":[[[85.8021384,20.2481475],[85.8026187,20.2483324],[85.8026726,20.2481887],[85.8021934,20.2479997],[85.8021384,20.2481475]]]}},{"type":"Feature","properties":{"@id":"way/1139255374","addr:city":"Bhubaneswar","addr:housenumber":"C-21","addr:place":"B.J.B Nagar","addr:postcode":"751014","amenity":"hospital","emergency":"no","healthcare":"hospital","name":"Sara Gastro & Laparoscopic Hospital"},"geometry":{"type":"Polygon","coordinates":[[[85.8457949,20.2540877],[85.8457243,20.2540043],[85.8458895,20.2538812],[85.8459601,20.2539646],[85.8457949,20.2540877]]]}},{"type":"Feature","properties":{"@id":"way/1159186840","amenity":"parking"},"geometry":{"type":"Polygon","coordinates":[[[85.8432721,20.2650117],[85.8433345,20.2649687],[85.8421857,20.2635044],[85.8421236,20.2635473],[85.8432721,20.2650117]]]}},{"type":"Feature","properties":{"@id":"way/1159186842","amenity":"parking"},"geometry":{"type":"Polygon","coordinates":[[[85.8440988,20.2657156],[85.8440657,20.2657392],[85.8443489,20.2660887],[85.8443819,20.2660652],[85.8440988,20.2657156]]]}},{"type":"Feature","properties":{"@id":"way/1159186843","amenity":"parking"},"geometry":{"type":"Polygon","coordinates":[[[85.8439922,20.2659416],[85.844039,20.2659095],[85.8442891,20.26623],[85.8442424,20.2662621],[85.8439922,20.2659416]]]}},{"type":"Feature","properties":{"@id":"way/1159201159","amenity":"taxi","taxi_vehicle":"auto_rickshaw"},"geometry":{"type":"Polygon","coordinates":[[[85.8433634,20.2650417],[85.8433184,20.2649851],[85.8434184,20.2649152],[85.8434634,20.2649719],[85.8433634,20.2650417]]]}},{"type":"Feature","properties":{"@id":"way/1165357651","addr:city":"Bhubaneswar, Khurda, Odisha","addr:housenumber":"Unit-VIII","addr:postcode":"751012","addr:street":"P.O. Nayapalli","amenity":"school","description":"DAV Public School, Unit-8, Bhubaneswar is a co-educational school in Bhubaneswar, Odisha, India. It is part of the Dayanand Anglo-Vedic Schools System and the DAV College Trust and Management Society, New Delhi.","name":"DAV Public School Unit-VIII","website":"https://davunit8.org/"},"geometry":{"type":"Polygon","coordinates":[[[85.8165102,20.27491],[85.8165023,20.2747048],[85.8186397,20.2748769],[85.8189313,20.2760572],[85.8186777,20.2761562],[85.8165102,20.27491]]]}},{"type":"Feature","properties":{"@id":"way/1229684329","amenity":"fuel","brand":"Hindustan Petroleum","brand:wikidata":"Q1619375","building":"yes","name":"HP","official_name":"Hindustan Petroleum"},"geometry":{"type":"Polygon","coordinates":[[[85.8437388,20.2764886],[85.8437699,20.2766637],[85.8439158,20.2766409],[85.8438847,20.2764658],[85.8437388,20.2764886]]]}},{"type":"Feature","properties":{"@id":"way/1231801234","addr:city":"Bhubaneswar","addr:housenumber":"A/33","addr:postcode":"751001","addr:street":"Bhoumanagar, Unit-4","alt_name:en":"Hamd Mosque","amenity":"place_of_worship","building":"yes","denomination":"ahmadiyya","name":"مسجد حمد","name:en":"Masjid Hamd","religion":"muslim"},"geometry":{"type":"Polygon","coordinates":[[[85.8334028,20.2767704],[85.8330006,20.2768321],[85.8330261,20.2769478],[85.833419,20.2769025],[85.8334028,20.2767704]]]}},{"type":"Feature","properties":{"@id":"way/1232613244","amenity":"theatre","name":"Utkal Sangita Mahavidyalaya Mukta Rangamancha"},"geometry":{"type":"Polygon","coordinates":[[[85.8330783,20.2746985],[85.8332419,20.2745375],[85.8335021,20.2744746],[85.8337355,20.2745173],[85.8337717,20.2746205],[85.8336295,20.2748583],[85.8336376,20.2749061],[85.8336,20.274969],[85.8334388,20.2750116],[85.8333868,20.2749765],[85.8333975,20.2749501],[85.8333613,20.2749212],[85.8331105,20.2748017],[85.8330783,20.2746985]]]}},{"type":"Feature","properties":{"@id":"way/1237478953","addr:city":"Bhubaneswar","addr:district":"Khurda","addr:postcode":"751009","addr:street":"Forest Park","amenity":"bank","brand":"State Bank of India","brand:wikidata":"Q1340361","building":"yes","name":"State Bank of India","operator":"State Bank of India","short_name":"SBI"},"geometry":{"type":"Polygon","coordinates":[[[85.8249687,20.256382],[85.8250843,20.2565472],[85.8251403,20.2565128],[85.8251152,20.2564769],[85.8252349,20.2564032],[85.8251443,20.2562738],[85.8249687,20.256382]]]}},{"type":"Feature","properties":{"@id":"way/1325254350","amenity":"school","barrier":"wall","name":"Capital Girls high school"},"geometry":{"type":"Polygon","coordinates":[[[85.8359131,20.2675305],[85.8355638,20.2669568],[85.8356487,20.2669112],[85.8354647,20.266609],[85.8358515,20.2664017],[85.8357879,20.2662973],[85.8360891,20.266136],[85.8358147,20.2656852],[85.8362346,20.2654603],[85.8372704,20.2671624],[85.837305,20.2672192],[85.8362241,20.2677981],[85.8360249,20.2674706],[85.8359131,20.2675305]]]}},{"type":"Feature","properties":{"@id":"way/1325468076","amenity":"theatre","building":"yes"},"geometry":{"type":"Polygon","coordinates":[[[85.8080491,20.2497491],[85.8080136,20.249801],[85.8079617,20.2498388],[85.8078994,20.2498582],[85.8078337,20.2498569],[85.8077722,20.2498351],[85.8077248,20.2497982],[85.8076921,20.2497492],[85.8076775,20.249693],[85.8076824,20.2496354],[85.8077063,20.2495821],[85.8077469,20.2495386],[85.8078,20.2495092],[85.8078602,20.249497],[85.8079215,20.2495031],[85.807981,20.2495292],[85.8080279,20.2495724],[85.8080566,20.2496278],[85.808064,20.2496891],[85.8080491,20.2497491]]]}},{"type":"Feature","properties":{"@id":"way/1327432139","access":"yes","amenity":"toilets","building":"yes","female":"yes","male":"yes","operator":"The Sulabh International Social Service Organisation"},"geometry":{"type":"Polygon","coordinates":[[[85.7859341,20.2614456],[85.7859481,20.2614618],[85.7859629,20.2614506],[85.7859489,20.2614344],[85.7859341,20.2614456]]]}},{"type":"Feature","properties":{"@id":"way/1327436439","amenity":"place_of_worship","building":"yes","name":"Sri Digambar Jain Sidha Kshetra","religion":"jain"},"geometry":{"type":"Polygon","coordinates":[[[85.785954,20.2619995],[85.786058,20.2619221],[85.7859821,20.2618324],[85.7858781,20.2619098],[85.785954,20.2619995]]]}},{"type":"Feature","properties":{"@id":"way/1328984349","alt_name":"Kusakeswara Temple","amenity":"place_of_worship","building":"yes","name":"Rameswara Temple","religion":"hindu"},"geometry":{"type":"Polygon","coordinates":[[[85.8358984,20.2535102],[85.8358987,20.2534477],[85.8361166,20.2534411],[85.8361129,20.2535103],[85.8358984,20.2535102]]]}},{"type":"Feature","properties":{"@id":"way/1329014325","amenity":"place_of_worship","building":"yes","denomination":"hindu","name":"Mohini Temple","religion":"hindu"},"geometry":{"type":"Polygon","coordinates":[[[85.8339742,20.2406232],[85.8340726,20.2405639],[85.8340409,20.2405176],[85.8339425,20.2405769],[85.8339742,20.2406232]]]}},{"type":"Feature","properties":{"@id":"way/1329016623","amenity":"place_of_worship","building":"yes","level":"-1","name":"Mahakala - Mahakali Temple","religion":"hindu","wikidata":"Q6732861","wikipedia":"en:Mahakala-Mahakali Temple"},"geometry":{"type":"Polygon","coordinates":[[[85.8342788,20.2376025],[85.8342998,20.2376536],[85.8343341,20.2376412],[85.8343131,20.2375901],[85.8342788,20.2376025]]]}},{"type":"Feature","properties":{"@id":"way/1329016624","amenity":"place_of_worship","building":"yes","name":"Hanuman Temple","religion":"hindu","wikidata":"Q5651364","wikipedia":"en:Hanuman Temple, Kedara-Gouri"},"geometry":{"type":"Polygon","coordinates":[[[85.8354039,20.2404557],[85.8354369,20.2404475],[85.8354819,20.2404099],[85.835427,20.240352],[85.8353593,20.2404086],[85.8354039,20.2404557]]]}},{"type":"Feature","properties":{"@id":"way/1329024732","amenity":"parking_space"},"geometry":{"type":"Polygon","coordinates":[[[85.8366877,20.2405647],[85.8368261,20.2406118],[85.8371484,20.2402534],[85.8368834,20.2397337],[85.8366271,20.2397687],[85.8366457,20.2398888],[85.8365841,20.2398972],[85.8366877,20.2405647]]]}},{"type":"Feature","properties":{"@id":"way/1329415601","alt_name":"Shanischar Mandir","amenity":"place_of_worship","building":"religious","building:colour":"#FFB099","building:levels":"1","denomination":"hindu","height":"2.5","name":"Shani Mandir","name:or":"ଶନିଶ୍ଚର ମନ୍ଦିର","religion":"hindu","roof:colour":"grey","roof:shape":"flat"},"geometry":{"type":"Polygon","coordinates":[[[85.7715617,20.2447286],[85.7714919,20.2447273],[85.7714839,20.244833],[85.7714517,20.2448267],[85.771449,20.2449047],[85.7715174,20.2449098],[85.7715134,20.2449702],[85.7716234,20.2449815],[85.7716234,20.2450243],[85.7716099,20.2450343],[85.7715992,20.245057],[85.7716247,20.2450897],[85.7716609,20.2450935],[85.7716783,20.2450796],[85.7717172,20.2450859],[85.7717213,20.245018],[85.7717441,20.2450167],[85.7717441,20.2449186],[85.7717883,20.2449186],[85.771787,20.2448821],[85.771614,20.2448771],[85.7716086,20.2448104],[85.7715603,20.2448091],[85.7715617,20.2447286]]]}},{"type":"Feature","properties":{"@id":"way/1329418161","amenity":"restaurant","building":"retail","building:colour":"#FFAE00","building:levels":"1","name":"Prusty's Food Haven","roof:colour":"white","roof:shape":"flat"},"geometry":{"type":"Polygon","coordinates":[[[85.7720867,20.2486165],[85.7719877,20.2486181],[85.7719855,20.2485637],[85.7720871,20.2485652],[85.7720867,20.2486165]]]}},{"type":"Feature","properties":{"@id":"way/1329549927","amenity":"dentist","healthcare":"dentist","indoor":"room","level":"1","name":"Oral care and Implant center","room":"shop"},"geometry":{"type":"Polygon","coordinates":[[[85.772043,20.2480126],[85.7720369,20.2479743],[85.7719473,20.2479859],[85.7719565,20.2480231],[85.772043,20.2480126]]]}},{"type":"Feature","properties":{"@id":"way/1330196055","amenity":"place_of_worship","building":"yes","denomination":"hindu","height":"17","religion":"hindu","roof:colour":"#ffa98a","roof:height":"17","roof:shape":"onion"},"geometry":{"type":"Polygon","coordinates":[[[85.7777065,20.2449879],[85.777717,20.2449849],[85.777728,20.2449852],[85.7777383,20.2449888],[85.7777468,20.2449953],[85.7777527,20.2450039],[85.7777553,20.2450139],[85.7777544,20.2450242],[85.7777498,20.2450339],[85.777742,20.2450417],[85.777732,20.2450466],[85.7777208,20.2450482],[85.7777096,20.2450461],[85.7776998,20.2450408],[85.7776925,20.2450327],[85.7776884,20.2450227],[85.777688,20.2450121],[85.7776912,20.2450023],[85.7776976,20.2449939],[85.7777065,20.2449879]]]}},{"type":"Feature","properties":{"@id":"way/1330196056","amenity":"place_of_worship","building":"yes","height":"17","religion":"hindu","roof:colour":"#ffa98a","roof:height":"17","roof:shape":"onion"},"geometry":{"type":"Polygon","coordinates":[[[85.7777791,20.2449888],[85.7777884,20.2449868],[85.7777978,20.2449879],[85.7778064,20.2449918],[85.777813,20.2449983],[85.777817,20.2450064],[85.7778179,20.2450153],[85.7778155,20.245024],[85.7778101,20.2450314],[85.7778025,20.2450367],[85.7777939,20.2450392],[85.7777849,20.2450391],[85.7777764,20.2450363],[85.7777693,20.2450311],[85.7777643,20.2450241],[85.777762,20.245016],[85.7777624,20.2450076],[85.7777657,20.2449997],[85.7777714,20.2449933],[85.7777791,20.2449888]]]}},{"type":"Feature","properties":{"@id":"way/1330196057","amenity":"place_of_worship","building":"yes","height":"17","religion":"hindu","roof:colour":"#ffa98a","roof:height":"17","roof:shape":"onion"},"geometry":{"type":"Polygon","coordinates":[[[85.7778411,20.2449904],[85.7778504,20.2449884],[85.7778598,20.2449894],[85.7778684,20.2449934],[85.777875,20.2449998],[85.777879,20.2450079],[85.7778799,20.2450168],[85.7778775,20.2450255],[85.7778721,20.2450329],[85.7778645,20.2450382],[85.7778559,20.2450408],[85.7778469,20.2450406],[85.7778384,20.2450378],[85.7778313,20.2450327],[85.7778263,20.2450257],[85.777824,20.2450175],[85.7778244,20.2450091],[85.7778277,20.2450013],[85.7778334,20.2449948],[85.7778411,20.2449904]]]}},{"type":"Feature","properties":{"@id":"way/1330196058","amenity":"fuel","brand":"Indian Oil","brand:wikidata":"Q1289348","building":"roof","building:colour":"orange","name":"Indian Oil","roof:colour":"orange","roof:shape":"flat"},"geometry":{"type":"Polygon","coordinates":[[[85.7786971,20.2454473],[85.7785547,20.2454276],[85.7785909,20.2452118],[85.7787298,20.2452326],[85.7786971,20.2454473]]]}},{"type":"Feature","properties":{"@id":"way/1330196067","amenity":"bank","atm":"yes","brand":"State Bank of India","brand:wikidata":"Q1340361","building":"yes","drive_through":"no","name":"State Bank of India","short_name":"SBI"},"geometry":{"type":"Polygon","coordinates":[[[85.8270315,20.2807334],[85.8269719,20.2807359],[85.8269692,20.280711],[85.826946,20.2807106],[85.8269441,20.2806727],[85.8270327,20.2806712],[85.8270315,20.2807334]]]}},{"type":"Feature","properties":{"@id":"way/1330196078","amenity":"restaurant","building":"yes","name":"The Food Culture"},"geometry":{"type":"Polygon","coordinates":[[[85.7725438,20.2448921],[85.772562,20.2448171],[85.7726129,20.2448254],[85.7725931,20.2449038],[85.7725438,20.2448921]]]}},{"type":"Feature","properties":{"@id":"way/1330196079","amenity":"restaurant","building":"yes","name":"Hotel Blue Heaven"},"geometry":{"type":"Polygon","coordinates":[[[85.7727573,20.2448976],[85.7728163,20.2447347],[85.7727701,20.244712],[85.7727198,20.2448806],[85.7727573,20.2448976]]]}},{"type":"Feature","properties":{"@id":"way/1334239879","amenity":"place_of_worship","building":"yes","religion":"hindu"},"geometry":{"type":"Polygon","coordinates":[[[85.7832724,20.2540556],[85.7832833,20.2540574],[85.7832928,20.2540625],[85.7833001,20.2540702],[85.7833042,20.2540798],[85.7833046,20.2540901],[85.7833013,20.2541],[85.7832947,20.2541083],[85.7832862,20.2541138],[85.7832762,20.2541164],[85.7832658,20.254116],[85.7832561,20.2541126],[85.7832481,20.2541065],[85.7832425,20.2540983],[85.78324,20.2540888],[85.7832407,20.2540791],[85.7832447,20.2540701],[85.783252,20.2540624],[85.7832616,20.2540574],[85.7832724,20.2540556]]]}},{"type":"Feature","properties":{"@id":"way/1334239880","amenity":"place_of_worship","building":"yes","religion":"hindu"},"geometry":{"type":"Polygon","coordinates":[[[85.7833005,20.2541299],[85.7833027,20.2541348],[85.7833031,20.2541401],[85.7833017,20.2541453],[85.7832987,20.2541499],[85.7832944,20.2541533],[85.7832891,20.2541553],[85.7832834,20.2541556],[85.7832774,20.2541541],[85.7832723,20.2541507],[85.7832687,20.2541459],[85.7832671,20.2541402],[85.7832676,20.2541344],[85.7832702,20.2541291],[85.7832746,20.2541249],[85.7832802,20.2541224],[85.7832864,20.2541218],[85.7832919,20.254123],[85.7832968,20.2541258],[85.7833005,20.2541299]]]}},{"type":"Feature","properties":{"@id":"way/1334239881","amenity":"place_of_worship","building":"yes","religion":"hindu"},"geometry":{"type":"Polygon","coordinates":[[[85.7832994,20.254163],[85.7833012,20.2541671],[85.7833015,20.2541715],[85.7833002,20.2541758],[85.7832975,20.2541794],[85.7832937,20.254182],[85.7832891,20.2541833],[85.7832844,20.2541832],[85.78328,20.2541816],[85.7832764,20.2541788],[85.783274,20.254175],[85.783273,20.2541707],[85.7832735,20.2541664],[85.7832755,20.2541624],[85.7832788,20.2541593],[85.783283,20.2541573],[85.7832876,20.2541566],[85.7832922,20.2541575],[85.7832963,20.2541597],[85.7832994,20.254163]]]}},{"type":"Feature","properties":{"@id":"way/1334239896","amenity":"school","name":"St. Xavier's High School"},"geometry":{"type":"Polygon","coordinates":[[[85.789315,20.2606164],[85.7893106,20.2605984],[85.7892779,20.2604653],[85.7891009,20.2601349],[85.7885046,20.2604205],[85.7886939,20.2607757],[85.7893014,20.2606199],[85.789315,20.2606164]]]}},{"type":"Feature","properties":{"@id":"way/1334239899","amenity":"restaurant","building":"yes","building:levels":"2","cuisine":"regional","name":"Keeva Restaurant and Banquets","old_name":"Odissi Delites;Dalema","smoking":"no","wheelchair":"no"},"geometry":{"type":"Polygon","coordinates":[[[85.7877251,20.2599249],[85.7879277,20.2598303],[85.7877817,20.2595862],[85.787603,20.2596775],[85.7877251,20.2599249]]]}},{"type":"Feature","properties":{"@id":"way/1334239901","amenity":"bank","atm":"yes","brand":"State Bank of India","brand:wikidata":"Q1340361","level":"0","name":"State Bank of India","room":"shop","short_name":"SBI"},"geometry":{"type":"Polygon","coordinates":[[[85.7879241,20.2598012],[85.7880073,20.2597655],[85.7878808,20.2594875],[85.7877728,20.2595414],[85.7879241,20.2598012]]]}},{"type":"Feature","properties":{"@id":"way/1334239904","amenity":"place_of_worship","building":"yes","name":"Nilakanteshwar Temple","religion":"hindu"},"geometry":{"type":"Polygon","coordinates":[[[85.7996786,20.2670607],[85.7998064,20.2670433],[85.7997849,20.2668728],[85.7996585,20.2669075],[85.7996786,20.2670607]]]}},{"type":"Feature","properties":{"@id":"way/1334239906","amenity":"restaurant","building":"yes","cuisine":"indian;cake","name":"Narula's Bakery"},"geometry":{"type":"Polygon","coordinates":[[[85.8389495,20.2644623],[85.8389111,20.2643712],[85.8389799,20.264355],[85.8389497,20.2642842],[85.8390254,20.2642575],[85.8391562,20.2643232],[85.8391305,20.2643385],[85.8390966,20.2643867],[85.8390779,20.2643758],[85.8390628,20.2644064],[85.8390231,20.2644021],[85.8390114,20.2644382],[85.8389495,20.2644623]]]}},{"type":"Feature","properties":{"@id":"way/1334239926","amenity":"fast_food","brand":"Domino's","brand:wikidata":"Q839466","cuisine":"pizza","drive_through":"no","indoor":"room","level":"0","name":"Domino's","room":"shop","takeaway":"yes"},"geometry":{"type":"Polygon","coordinates":[[[85.7867431,20.2561193],[85.7865796,20.2561988],[85.7865111,20.2560607],[85.7866589,20.2559918],[85.7867431,20.2561193]]]}},{"type":"Feature","properties":{"@id":"way/1334239929","amenity":"fast_food","brand":"Domino's","brand:wikidata":"Q839466","cuisine":"pizza","indoor":"room","level":"0","name":"Domino's","room":"shop","takeaway":"yes"},"geometry":{"type":"Polygon","coordinates":[[[85.815853,20.2693585],[85.8160246,20.269327],[85.8160014,20.2692352],[85.8158313,20.2692703],[85.815853,20.2693585]]]}},{"type":"Feature","properties":{"@id":"way/1337725738","amenity":"place_of_worship","historic":"temple","religion":"hindu"},"geometry":{"type":"Polygon","coordinates":[[[85.8402001,20.2429702],[85.8401778,20.2428961],[85.8403539,20.2428494],[85.8403763,20.2429236],[85.8402001,20.2429702]]]}},{"type":"Feature","properties":{"@id":"way/1337725739","amenity":"place_of_worship","historic":"temple","name":"Mukteswar Temple","religion":"hindu","wikidata":"Q3635669","wikipedia":"en:Mukteshvara Temple, Bhubaneswar"},"geometry":{"type":"Polygon","coordinates":[[[85.8404452,20.24274],[85.8405804,20.2427094],[85.8405611,20.2426344],[85.8404259,20.2426649],[85.8404452,20.24274]]]}},{"type":"Feature","properties":{"@id":"way/1376147417","amenity":"place_of_worship","building":"yes","name":"Khandagiri Udaygiri Jain Temple","name:or":"ଖଣ୍ଡଗିରି ଉଦୟଗିରି ମନ୍ଦିର","religion":"jain"},"geometry":{"type":"Polygon","coordinates":[[[85.784373,20.2623887],[85.7846911,20.262322],[85.7846077,20.2620502],[85.7842967,20.2621217],[85.784373,20.2623887]]]}},{"type":"Feature","properties":{"@id":"way/1376418837","amenity":"food_court","building":"yes","name":"Ghatikia Food Court","operator":"Bhubaneswar Municipal Corporation"},"geometry":{"type":"Polygon","coordinates":[[[85.776809,20.2722348],[85.7768794,20.272231],[85.7768753,20.2721656],[85.7768344,20.2721688],[85.7768244,20.2720285],[85.7769652,20.2720291],[85.7769719,20.2722235],[85.7770316,20.2722191],[85.7770128,20.2719794],[85.7767801,20.2719801],[85.776809,20.2722348]]]}},{"type":"Feature","properties":{"@id":"way/1376418841","amenity":"bus_station","building":"yes","bus":"yes","public_transport":"station"},"geometry":{"type":"Polygon","coordinates":[[[85.7909046,20.2749688],[85.7908295,20.2747323],[85.7920901,20.2743247],[85.7921384,20.2733535],[85.7926051,20.2733384],[85.7925729,20.2744656],[85.7909046,20.2749688]]]}},{"type":"Feature","properties":{"@id":"way/1376986646","amenity":"cafe","building":"yes","name":"Ann's Cafe and Restaurant"},"geometry":{"type":"Polygon","coordinates":[[[85.7872318,20.2566906],[85.7871873,20.2566063],[85.7870621,20.256642],[85.7870965,20.2567335],[85.7872318,20.2566906]]]}},{"type":"Feature","properties":{"@id":"way/1377168355","amenity":"restaurant","building":"yes","name":"Kanchan Hotel"},"geometry":{"type":"Polygon","coordinates":[[[85.8228639,20.2572169],[85.8230052,20.2571403],[85.8229736,20.2570844],[85.8228265,20.2571677],[85.8228639,20.2572169]]]}},{"type":"Feature","properties":{"@id":"way/1377168359","amenity":"bank","brand":"Kotak Mahindra Bank","brand:wikidata":"Q2040404","building":"yes","name":"Kotak Mahindra Bank"},"geometry":{"type":"Polygon","coordinates":[[[85.8408926,20.2500741],[85.8408751,20.2499487],[85.8409959,20.2499509],[85.8409901,20.2500725],[85.8408926,20.2500741]]]}},{"type":"Feature","properties":{"@id":"way/1377168360","amenity":"place_of_worship","building":"yes","name":"Rajarani Temple","religion":"hindu","wikidata":"Q6507638","wikipedia":"en:Rajarani Temple"},"geometry":{"type":"Polygon","coordinates":[[[85.8436066,20.2434763],[85.8436007,20.243494],[85.8435891,20.2435092],[85.843573,20.2435201],[85.8435541,20.2435258],[85.8435343,20.2435256],[85.8435155,20.2435197],[85.8434997,20.2435085],[85.8434876,20.2434916],[85.8434824,20.243472],[85.8434846,20.2434518],[85.843494,20.2434335],[85.8435094,20.2434193],[85.8435291,20.243411],[85.8435507,20.2434094],[85.8435715,20.2434147],[85.8435879,20.2434253],[85.8435999,20.2434401],[85.8436063,20.2434577],[85.8436066,20.2434763]]]}},{"type":"Feature","properties":{"@id":"way/1377168366","amenity":"fast_food","brand":"Domino's","brand:wikidata":"Q839466","cuisine":"pizza","level":"2","name":"Domino's","takeaway":"yes"},"geometry":{"type":"Polygon","coordinates":[[[85.8413597,20.2347929],[85.841327,20.2347292],[85.8414713,20.2346827],[85.8415011,20.2347452],[85.8413597,20.2347929]]]}},{"type":"Feature","properties":{"@id":"way/1382221114","amenity":"parking"},"geometry":{"type":"Polygon","coordinates":[[[85.8191396,20.2538072],[85.8194692,20.2540302],[85.8195608,20.2539111],[85.81936,20.2537754],[85.8194785,20.2536211],[85.8193496,20.2535339],[85.8191396,20.2538072]]]}},{"type":"Feature","properties":{"@id":"way/1428305062","amenity":"hospital","healthcare":"hospital","name":"Munna medicine store"},"geometry":{"type":"Polygon","coordinates":[[[85.8332787,20.2400026],[85.8333375,20.2399686],[85.8333104,20.2399274],[85.8332516,20.2399613],[85.8332787,20.2400026]]]}},{"type":"Feature","properties":{"@id":"way/1523404859","access":"private","amenity":"motorcycle_parking","covered":"yes","level":"-1;0","name":"BH 7 Two Wheeler Parking","operator":"ITER"},"geometry":{"type":"Polygon","coordinates":[[[85.8002268,20.250615],[85.800503,20.2506153],[85.8004994,20.2501972],[85.8002243,20.2501958],[85.8002268,20.250615]]]}},{"type":"Feature","properties":{"@id":"way/1523431333","access":"yes","amenity":"shelter","bench":"yes","bin":"yes","building":"yes","lit":"yes","name":"Mo Bus Stop","operator":"Capital Region Urban Transport","shelter_type":"public_transport"},"geometry":{"type":"Polygon","coordinates":[[[85.7889578,20.2586647],[85.789,20.2587448],[85.7890565,20.2587169],[85.7890153,20.2586368],[85.7889578,20.2586647]]]}},{"type":"Feature","properties":{"@id":"way/1523969883","addr:city":"Bhubaneswar","addr:district":"Khordha","addr:postcode":"751020","addr:street":"Gandamunda","amenity":"marketplace","name":"Gandamunda Hatt"},"geometry":{"type":"Polygon","coordinates":[[[85.806044,20.2540594],[85.8063269,20.2538867],[85.8061493,20.2536287],[85.8064676,20.2534411],[85.8067452,20.2538669],[85.8065965,20.253957],[85.806511,20.254036],[85.8061532,20.2542298],[85.806044,20.2540594]]]}}]}